bluetoothview.exe,F:\Programs\NirLauncher\NirSoft\bluetoothview.exe
browseraddonsview.exe,F:\Programs\NirLauncher\NirSoft\browseraddonsview.exe
browserdownloadsview.exe,F:\Programs\NirLauncher\NirSoft\browserdownloadsview.exe
browsinghistoryview.exe,F:\Programs\NirLauncher\NirSoft\browsinghistoryview.exe
bulkfilechanger.exe,F:\Programs\NirLauncher\NirSoft\bulkfilechanger.exe
bulletspassview.exe,F:\Programs\NirLauncher\NirSoft\bulletspassview.exe
chromecacheview.exe,F:\Programs\NirLauncher\NirSoft\chromecacheview.exe
chromecookiesview.exe,F:\Programs\NirLauncher\NirSoft\chromecookiesview.exe
chromehistoryview.exe,F:\Programs\NirLauncher\NirSoft\chromehistoryview.exe
chromepass.exe,F:\Programs\NirLauncher\NirSoft\chromepass.exe
cleanafterme.exe,F:\Programs\NirLauncher\NirSoft\cleanafterme.exe
clipboardic.exe,F:\Programs\NirLauncher\NirSoft\clipboardic.exe
controlmymonitor.exe,F:\Programs\NirLauncher\NirSoft\controlmymonitor.exe
countrytraceroute.exe,F:\Programs\NirLauncher\NirSoft\countrytraceroute.exe
cports.exe,F:\Programs\NirLauncher\NirSoft\cports.exe
cprocess.exe,F:\Programs\NirLauncher\NirSoft\cprocess.exe
credentialsfileview.exe,F:\Programs\NirLauncher\NirSoft\credentialsfileview.exe
csvfileview.exe,F:\Programs\NirLauncher\NirSoft\csvfileview.exe
ctie.exe,F:\Programs\NirLauncher\NirSoft\ctie.exe
customexplorertoolbar.exe,F:\Programs\NirLauncher\NirSoft\customexplorertoolbar.exe
dataprotectiondecryptor.exe,F:\Programs\NirLauncher\NirSoft\dataprotectiondecryptor.exe
deviceioview.exe,F:\Programs\NirLauncher\NirSoft\deviceioview.exe
devmanview.exe,F:\Programs\NirLauncher\NirSoft\devmanview.exe
dialupass.exe,F:\Programs\NirLauncher\NirSoft\dialupass.exe
diskcountersview.exe,F:\Programs\NirLauncher\NirSoft\diskcountersview.exe
disksmartview.exe,F:\Programs\NirLauncher\NirSoft\disksmartview.exe
dllexp.exe,F:\Programs\NirLauncher\NirSoft\dllexp.exe
dnsdataview.exe,F:\Programs\NirLauncher\NirSoft\dnsdataview.exe
dnsquerysniffer.exe,F:\Programs\NirLauncher\NirSoft\dnsquerysniffer.exe
domainhostingview.exe,F:\Programs\NirLauncher\NirSoft\domainhostingview.exe
dotnetresourcesextract.exe,F:\Programs\NirLauncher\NirSoft\dotnetresourcesextract.exe
downtester.exe,F:\Programs\NirLauncher\NirSoft\downtester.exe
driveletterview.exe,F:\Programs\NirLauncher\NirSoft\driveletterview.exe
driverview.exe,F:\Programs\NirLauncher\NirSoft\driverview.exe
dumpedid.exe,F:\Programs\NirLauncher\NirSoft\dumpedid.exe
edgecookiesview.exe,F:\Programs\NirLauncher\NirSoft\edgecookiesview.exe
encryptedregview.exe,F:\Programs\NirLauncher\NirSoft\encryptedregview.exe
esedatabaseview.exe,F:\Programs\NirLauncher\NirSoft\esedatabaseview.exe
eventlogchannelsview.exe,F:\Programs\NirLauncher\NirSoft\eventlogchannelsview.exe
eventlogsourcesview.exe,F:\Programs\NirLauncher\NirSoft\eventlogsourcesview.exe
executedprogramslist.exe,F:\Programs\NirLauncher\NirSoft\executedprogramslist.exe
exifdataview.exe,F:\Programs\NirLauncher\NirSoft\exifdataview.exe
fastresolver.exe,F:\Programs\NirLauncher\NirSoft\fastresolver.exe
faview.exe,F:\Programs\NirLauncher\NirSoft\faview.exe
fbcacheview.exe,F:\Programs\NirLauncher\NirSoft\fbcacheview.exe
fileaccesserrorview.exe,F:\Programs\NirLauncher\NirSoft\fileaccesserrorview.exe
fileactivitywatch.exe,F:\Programs\NirLauncher\NirSoft\fileactivitywatch.exe
filetypesman.exe,F:\Programs\NirLauncher\NirSoft\filetypesman.exe
firefoxdownloadsview.exe,F:\Programs\NirLauncher\NirSoft\firefoxdownloadsview.exe
firmwaretablesview.exe,F:\Programs\NirLauncher\NirSoft\firmwaretablesview.exe
flashcookiesview.exe,F:\Programs\NirLauncher\NirSoft\flashcookiesview.exe
folderchangesview.exe,F:\Programs\NirLauncher\NirSoft\folderchangesview.exe
foldertimeupdate.exe,F:\Programs\NirLauncher\NirSoft\foldertimeupdate.exe
fulleventlogview.exe,F:\Programs\NirLauncher\NirSoft\fulleventlogview.exe
gdiview.exe,F:\Programs\NirLauncher\NirSoft\gdiview.exe
getnir.exe,F:\Programs\NirLauncher\NirSoft\getnir.exe
guipropview.exe,F:\Programs\NirLauncher\NirSoft\guipropview.exe
handlecountersview.exe,F:\Programs\NirLauncher\NirSoft\handlecountersview.exe
hashmyfiles.exe,F:\Programs\NirLauncher\NirSoft\hashmyfiles.exe
heapmemview.exe,F:\Programs\NirLauncher\NirSoft\heapmemview.exe
hostednetworkstarter.exe,F:\Programs\NirLauncher\NirSoft\hostednetworkstarter.exe
hotkeyslist.exe,F:\Programs\NirLauncher\NirSoft\hotkeyslist.exe
htmlastext.exe,F:\Programs\NirLauncher\NirSoft\htmlastext.exe
htmldocedit.exe,F:\Programs\NirLauncher\NirSoft\htmldocedit.exe
iconsext.exe,F:\Programs\NirLauncher\NirSoft\iconsext.exe
iecacheview.exe,F:\Programs\NirLauncher\NirSoft\iecacheview.exe
iecv.exe,F:\Programs\NirLauncher\NirSoft\iecv.exe
iehv.exe,F:\Programs\NirLauncher\NirSoft\iehv.exe
iepv.exe,F:\Programs\NirLauncher\NirSoft\iepv.exe
imagecacheviewer.exe,F:\Programs\NirLauncher\NirSoft\imagecacheviewer.exe
insideclipboard.exe,F:\Programs\NirLauncher\NirSoft\insideclipboard.exe
installedappview.exe,F:\Programs\NirLauncher\NirSoft\installedappview.exe
installedcodec.exe,F:\Programs\NirLauncher\NirSoft\installedcodec.exe
installeddriverslist.exe,F:\Programs\NirLauncher\NirSoft\installeddriverslist.exe
installedpackagesview.exe,F:\Programs\NirLauncher\NirSoft\installedpackagesview.exe
ipinfooffline.exe,F:\Programs\NirLauncher\NirSoft\ipinfooffline.exe
ipnetinfo.exe,F:\Programs\NirLauncher\NirSoft\ipnetinfo.exe
jumplistsview.exe,F:\Programs\NirLauncher\NirSoft\jumplistsview.exe
keyboardstateview.exe,F:\Programs\NirLauncher\NirSoft\keyboardstateview.exe
lastactivityview.exe,F:\Programs\NirLauncher\NirSoft\lastactivityview.exe
livecontactsview.exe,F:\Programs\NirLauncher\NirSoft\livecontactsview.exe
livetcpudpwatch.exe,F:\Programs\NirLauncher\NirSoft\livetcpudpwatch.exe
loadeddllsview.exe,F:\Programs\NirLauncher\NirSoft\loadeddllsview.exe
lsasecretsdump.exe,F:\Programs\NirLauncher\NirSoft\lsasecretsdump.exe
lsasecretsview.exe,F:\Programs\NirLauncher\NirSoft\lsasecretsview.exe
macaddressview.exe,F:\Programs\NirLauncher\NirSoft\macaddressview.exe
mailpv.exe,F:\Programs\NirLauncher\NirSoft\mailpv.exe
managewirelessnetworks.exe,F:\Programs\NirLauncher\NirSoft\managewirelessnetworks.exe
mmcsnapinsview.exe,F:\Programs\NirLauncher\NirSoft\mmcsnapinsview.exe
mobilefilesearch.exe,F:\Programs\NirLauncher\NirSoft\mobilefilesearch.exe
monitorinfoview.exe,F:\Programs\NirLauncher\NirSoft\monitorinfoview.exe
mozillahistoryview.exe,F:\Programs\NirLauncher\NirSoft\mozillahistoryview.exe
mspass.exe,F:\Programs\NirLauncher\NirSoft\mspass.exe
muicacheview.exe,F:\Programs\NirLauncher\NirSoft\muicacheview.exe
multimonitortool.exe,F:\Programs\NirLauncher\NirSoft\multimonitortool.exe
mweather.exe,F:\Programs\NirLauncher\NirSoft\mweather.exe
myeventviewer.exe,F:\Programs\NirLauncher\NirSoft\myeventviewer.exe
mylastsearch.exe,F:\Programs\NirLauncher\NirSoft\mylastsearch.exe
mzcacheview.exe,F:\Programs\NirLauncher\NirSoft\mzcacheview.exe
mzcv.exe,F:\Programs\NirLauncher\NirSoft\mzcv.exe
netbscanner.exe,F:\Programs\NirLauncher\NirSoft\netbscanner.exe
netconnectchoose.exe,F:\Programs\NirLauncher\NirSoft\netconnectchoose.exe
netpass.exe,F:\Programs\NirLauncher\NirSoft\netpass.exe
netresview.exe,F:\Programs\NirLauncher\NirSoft\netresview.exe
netrouteview.exe,F:\Programs\NirLauncher\NirSoft\netrouteview.exe
networkconnectlog.exe,F:\Programs\NirLauncher\NirSoft\networkconnectlog.exe
networkcounterswatch.exe,F:\Programs\NirLauncher\NirSoft\networkcounterswatch.exe
networkinterfacesview.exe,F:\Programs\NirLauncher\NirSoft\networkinterfacesview.exe
networklatencyview.exe,F:\Programs\NirLauncher\NirSoft\networklatencyview.exe
networkopenedfiles.exe,F:\Programs\NirLauncher\NirSoft\networkopenedfiles.exe
networktrafficview.exe,F:\Programs\NirLauncher\NirSoft\networktrafficview.exe
networkusageview.exe,F:\Programs\NirLauncher\NirSoft\networkusageview.exe
nircmd.exe,F:\Programs\NirLauncher\NirSoft\nircmd.exe
nircmdc.exe,F:\Programs\NirLauncher\NirSoft\nircmdc.exe
nk2edit.exe,F:\Programs\NirLauncher\NirSoft\nk2edit.exe
ntfslinksview.exe,F:\Programs\NirLauncher\NirSoft\ntfslinksview.exe
officeins.exe,F:\Programs\NirLauncher\NirSoft\officeins.exe
offlineregistryfinder.exe,F:\Programs\NirLauncher\NirSoft\offlineregistryfinder.exe
offlineregistryview.exe,F:\Programs\NirLauncher\NirSoft\offlineregistryview.exe
openedfilesview.exe,F:\Programs\NirLauncher\NirSoft\openedfilesview.exe
opensavefilesview.exe,F:\Programs\NirLauncher\NirSoft\opensavefilesview.exe
openwithview.exe,F:\Programs\NirLauncher\NirSoft\openwithview.exe
operacacheview.exe,F:\Programs\NirLauncher\NirSoft\operacacheview.exe
operapassview.exe,F:\Programs\NirLauncher\NirSoft\operapassview.exe
outlookaddressbookview.exe,F:\Programs\NirLauncher\NirSoft\outlookaddressbookview.exe
outlookattachview.exe,F:\Programs\NirLauncher\NirSoft\outlookattachview.exe
outlookstatview.exe,F:\Programs\NirLauncher\NirSoft\outlookstatview.exe
passwordfox.exe,F:\Programs\NirLauncher\NirSoft\passwordfox.exe
passwordscan.exe,F:\Programs\NirLauncher\NirSoft\passwordscan.exe
pcanypass.exe,F:\Programs\NirLauncher\NirSoft\pcanypass.exe
pinginfoview.exe,F:\Programs\NirLauncher\NirSoft\pinginfoview.exe
previousfilesrecovery.exe,F:\Programs\NirLauncher\NirSoft\previousfilesrecovery.exe
processactivityview.exe,F:\Programs\NirLauncher\NirSoft\processactivityview.exe
processtcpsummary.exe,F:\Programs\NirLauncher\NirSoft\processtcpsummary.exe
processthreadsview.exe,F:\Programs\NirLauncher\NirSoft\processthreadsview.exe
produkey.exe,F:\Programs\NirLauncher\NirSoft\produkey.exe
propertysystemview.exe,F:\Programs\NirLauncher\NirSoft\propertysystemview.exe
pstpassword.exe,F:\Programs\NirLauncher\NirSoft\pstpassword.exe
quicksetdns.exe,F:\Programs\NirLauncher\NirSoft\quicksetdns.exe
rdpv.exe,F:\Programs\NirLauncher\NirSoft\rdpv.exe
recentfilesview.exe,F:\Programs\NirLauncher\NirSoft\recentfilesview.exe
regdllview.exe,F:\Programs\NirLauncher\NirSoft\regdllview.exe
regfileexport.exe,F:\Programs\NirLauncher\NirSoft\regfileexport.exe
regfromapp.exe,F:\Programs\NirLauncher\NirSoft\regfromapp.exe
registrychangesview.exe,F:\Programs\NirLauncher\NirSoft\registrychangesview.exe
regscanner.exe,F:\Programs\NirLauncher\NirSoft\regscanner.exe
resourcesextract.exe,F:\Programs\NirLauncher\NirSoft\resourcesextract.exe
routerpassview.exe,F:\Programs\NirLauncher\NirSoft\routerpassview.exe
rtmpdumphelper.exe,F:\Programs\NirLauncher\NirSoft\rtmpdumphelper.exe
runasdate.exe,F:\Programs\NirLauncher\NirSoft\runasdate.exe
runfromprocess.exe,F:\Programs\NirLauncher\NirSoft\runfromprocess.exe
safaricacheview.exe,F:\Programs\NirLauncher\NirSoft\safaricacheview.exe
safarihistoryview.exe,F:\Programs\NirLauncher\NirSoft\safarihistoryview.exe
searchfilterview.exe,F:\Programs\NirLauncher\NirSoft\searchfilterview.exe
searchmyfiles.exe,F:\Programs\NirLauncher\NirSoft\searchmyfiles.exe
securityquestionsview.exe,F:\Programs\NirLauncher\NirSoft\securityquestionsview.exe
securitysoftview.exe,F:\Programs\NirLauncher\NirSoft\securitysoftview.exe
seqdownload.exe,F:\Programs\NirLauncher\NirSoft\seqdownload.exe
serviwin.exe,F:\Programs\NirLauncher\NirSoft\serviwin.exe
shadowcopyview.exe,F:\Programs\NirLauncher\NirSoft\shadowcopyview.exe
shellbagsview.exe,F:\Programs\NirLauncher\NirSoft\shellbagsview.exe
shellmenunew.exe,F:\Programs\NirLauncher\NirSoft\shellmenunew.exe
shexview.exe,F:\Programs\NirLauncher\NirSoft\shexview.exe
shman.exe,F:\Programs\NirLauncher\NirSoft\shman.exe
shmnview.exe,F:\Programs\NirLauncher\NirSoft\shmnview.exe
simplecodegenerator.exe,F:\Programs\NirLauncher\NirSoft\simplecodegenerator.exe
simpleprogramdebugger.exe,F:\Programs\NirLauncher\NirSoft\simpleprogramdebugger.exe
simplewmiview.exe,F:\Programs\NirLauncher\NirSoft\simplewmiview.exe
siteshoter.exe,F:\Programs\NirLauncher\NirSoft\siteshoter.exe
skypecontactsview.exe,F:\Programs\NirLauncher\NirSoft\skypecontactsview.exe
skypelogview.exe,F:\Programs\NirLauncher\NirSoft\skypelogview.exe
smsniff.exe,F:\Programs\NirLauncher\NirSoft\smsniff.exe
sniffpass.exe,F:\Programs\NirLauncher\NirSoft\sniffpass.exe
socketsniff.exe,F:\Programs\NirLauncher\NirSoft\socketsniff.exe
soundvolumeview.exe,F:\Programs\NirLauncher\NirSoft\soundvolumeview.exe
specialfoldersview.exe,F:\Programs\NirLauncher\NirSoft\specialfoldersview.exe
sysexp.exe,F:\Programs\NirLauncher\NirSoft\sysexp.exe
tabletextcompare.exe,F:\Programs\NirLauncher\NirSoft\tabletextcompare.exe
taskschedulerview.exe,F:\Programs\NirLauncher\NirSoft\taskschedulerview.exe
tcplogview.exe,F:\Programs\NirLauncher\NirSoft\tcplogview.exe
timezonesview.exe,F:\Programs\NirLauncher\NirSoft\timezonesview.exe
turnedontimesview.exe,F:\Programs\NirLauncher\NirSoft\turnedontimesview.exe
uninstallview.exe,F:\Programs\NirLauncher\NirSoft\uninstallview.exe
urlprotocolview.exe,F:\Programs\NirLauncher\NirSoft\urlprotocolview.exe
urlstringgrabber.exe,F:\Programs\NirLauncher\NirSoft\urlstringgrabber.exe
usbdeview.exe,F:\Programs\NirLauncher\NirSoft\usbdeview.exe
usbdrivelog.exe,F:\Programs\NirLauncher\NirSoft\usbdrivelog.exe
usblogview.exe,F:\Programs\NirLauncher\NirSoft\usblogview.exe
userassistview.exe,F:\Programs\NirLauncher\NirSoft\userassistview.exe
userprofilesview.exe,F:\Programs\NirLauncher\NirSoft\userprofilesview.exe
vaultpasswordview.exe,F:\Programs\NirLauncher\NirSoft\vaultpasswordview.exe
videocacheview.exe,F:\Programs\NirLauncher\NirSoft\videocacheview.exe
vncpassview.exe,F:\Programs\NirLauncher\NirSoft\vncpassview.exe
volumouse.exe,F:\Programs\NirLauncher\NirSoft\volumouse.exe
wakemeonlan.exe,F:\Programs\NirLauncher\NirSoft\wakemeonlan.exe
webbrowserbookmarksview.exe,F:\Programs\NirLauncher\NirSoft\webbrowserbookmarksview.exe
webbrowserpassview.exe,F:\Programs\NirLauncher\NirSoft\webbrowserpassview.exe
webcacheimageinfo.exe,F:\Programs\NirLauncher\NirSoft\webcacheimageinfo.exe
webcamimagesave.exe,F:\Programs\NirLauncher\NirSoft\webcamimagesave.exe
webcookiessniffer.exe,F:\Programs\NirLauncher\NirSoft\webcookiessniffer.exe
websitesniffer.exe,F:\Programs\NirLauncher\NirSoft\websitesniffer.exe
webvideocap.exe,F:\Programs\NirLauncher\NirSoft\webvideocap.exe
whatinstartup.exe,F:\Programs\NirLauncher\NirSoft\whatinstartup.exe
whatishang.exe,F:\Programs\NirLauncher\NirSoft\whatishang.exe
whoiscl.exe,F:\Programs\NirLauncher\NirSoft\whoiscl.exe
whoisconnectedsniffer.exe,F:\Programs\NirLauncher\NirSoft\whoisconnectedsniffer.exe
whoistd.exe,F:\Programs\NirLauncher\NirSoft\whoistd.exe
whosip.exe,F:\Programs\NirLauncher\NirSoft\whosip.exe
wifichannelmonitor.exe,F:\Programs\NirLauncher\NirSoft\wifichannelmonitor.exe
wifihistoryview.exe,F:\Programs\NirLauncher\NirSoft\wifihistoryview.exe
wifiinfoview.exe,F:\Programs\NirLauncher\NirSoft\wifiinfoview.exe
wincrashreport.exe,F:\Programs\NirLauncher\NirSoft\wincrashreport.exe
windefthreatsview.exe,F:\Programs\NirLauncher\NirSoft\windefthreatsview.exe
winfontsview.exe,F:\Programs\NirLauncher\NirSoft\winfontsview.exe
winlister.exe,F:\Programs\NirLauncher\NirSoft\winlister.exe
winlogonview.exe,F:\Programs\NirLauncher\NirSoft\winlogonview.exe
winprefetchview.exe,F:\Programs\NirLauncher\NirSoft\winprefetchview.exe
winsockservicesview.exe,F:\Programs\NirLauncher\NirSoft\winsockservicesview.exe
winupdatesview.exe,F:\Programs\NirLauncher\NirSoft\winupdatesview.exe
wirelessconnectioninfo.exe,F:\Programs\NirLauncher\NirSoft\wirelessconnectioninfo.exe
wirelesskeyview.exe,F:\Programs\NirLauncher\NirSoft\wirelesskeyview.exe
wirelessnetconsole.exe,F:\Programs\NirLauncher\NirSoft\wirelessnetconsole.exe
wirelessnetview.exe,F:\Programs\NirLauncher\NirSoft\wirelessnetview.exe
wnetwatcher.exe,F:\Programs\NirLauncher\NirSoft\wnetwatcher.exe
wul.exe,F:\Programs\NirLauncher\NirSoft\wul.exe
advancedrun.exe,F:\Programs\NirLauncher\NirSoft\x64\advancedrun.exe
allthreadsview.exe,F:\Programs\NirLauncher\NirSoft\x64\allthreadsview.exe
alternatestreamview.exe,F:\Programs\NirLauncher\NirSoft\x64\alternatestreamview.exe
appaudioconfig.exe,F:\Programs\NirLauncher\NirSoft\x64\appaudioconfig.exe
appcompatibilityview.exe,F:\Programs\NirLauncher\NirSoft\x64\appcompatibilityview.exe
appnetworkcounter.exe,F:\Programs\NirLauncher\NirSoft\x64\appnetworkcounter.exe
appreadwritecounter.exe,F:\Programs\NirLauncher\NirSoft\x64\appreadwritecounter.exe
bluescreenview.exe,F:\Programs\NirLauncher\NirSoft\x64\bluescreenview.exe
browseraddonsview.exe,F:\Programs\NirLauncher\NirSoft\x64\browseraddonsview.exe
browserdownloadsview.exe,F:\Programs\NirLauncher\NirSoft\x64\browserdownloadsview.exe
browsinghistoryview.exe,F:\Programs\NirLauncher\NirSoft\x64\browsinghistoryview.exe
bulkfilechanger.exe,F:\Programs\NirLauncher\NirSoft\x64\bulkfilechanger.exe
bulletspassview.exe,F:\Programs\NirLauncher\NirSoft\x64\bulletspassview.exe
cports.exe,F:\Programs\NirLauncher\NirSoft\x64\cports.exe
credentialsfileview.exe,F:\Programs\NirLauncher\NirSoft\x64\credentialsfileview.exe
csvfileview.exe,F:\Programs\NirLauncher\NirSoft\x64\csvfileview.exe
dataprotectiondecryptor.exe,F:\Programs\NirLauncher\NirSoft\x64\dataprotectiondecryptor.exe
deviceioview.exe,F:\Programs\NirLauncher\NirSoft\x64\deviceioview.exe
devmanview.exe,F:\Programs\NirLauncher\NirSoft\x64\devmanview.exe
dllexp.exe,F:\Programs\NirLauncher\NirSoft\x64\dllexp.exe
dnsquerysniffer.exe,F:\Programs\NirLauncher\NirSoft\x64\dnsquerysniffer.exe
driveletterview.exe,F:\Programs\NirLauncher\NirSoft\x64\driveletterview.exe
driverview.exe,F:\Programs\NirLauncher\NirSoft\x64\driverview.exe
encryptedregview.exe,F:\Programs\NirLauncher\NirSoft\x64\encryptedregview.exe
eventlogchannelsview.exe,F:\Programs\NirLauncher\NirSoft\x64\eventlogchannelsview.exe
eventlogsourcesview.exe,F:\Programs\NirLauncher\NirSoft\x64\eventlogsourcesview.exe
fileaccesserrorview.exe,F:\Programs\NirLauncher\NirSoft\x64\fileaccesserrorview.exe
fileactivitywatch.exe,F:\Programs\NirLauncher\NirSoft\x64\fileactivitywatch.exe
filetypesman.exe,F:\Programs\NirLauncher\NirSoft\x64\filetypesman.exe
firmwaretablesview.exe,F:\Programs\NirLauncher\NirSoft\x64\firmwaretablesview.exe
foldertimeupdate.exe,F:\Programs\NirLauncher\NirSoft\x64\foldertimeupdate.exe
fulleventlogview.exe,F:\Programs\NirLauncher\NirSoft\x64\fulleventlogview.exe
gdiview.exe,F:\Programs\NirLauncher\NirSoft\x64\gdiview.exe
guipropview.exe,F:\Programs\NirLauncher\NirSoft\x64\guipropview.exe
handlecountersview.exe,F:\Programs\NirLauncher\NirSoft\x64\handlecountersview.exe
hashmyfiles.exe,F:\Programs\NirLauncher\NirSoft\x64\hashmyfiles.exe
heapmemview.exe,F:\Programs\NirLauncher\NirSoft\x64\heapmemview.exe
installedappview.exe,F:\Programs\NirLauncher\NirSoft\x64\installedappview.exe
installedcodec.exe,F:\Programs\NirLauncher\NirSoft\x64\installedcodec.exe
installeddriverslist.exe,F:\Programs\NirLauncher\NirSoft\x64\installeddriverslist.exe
installedpackagesview.exe,F:\Programs\NirLauncher\NirSoft\x64\installedpackagesview.exe
livetcpudpwatch.exe,F:\Programs\NirLauncher\NirSoft\x64\livetcpudpwatch.exe
loadeddllsview.exe,F:\Programs\NirLauncher\NirSoft\x64\loadeddllsview.exe
lsasecretsdump.exe,F:\Programs\NirLauncher\NirSoft\x64\lsasecretsdump.exe
lsasecretsview.exe,F:\Programs\NirLauncher\NirSoft\x64\lsasecretsview.exe
mmcsnapinsview.exe,F:\Programs\NirLauncher\NirSoft\x64\mmcsnapinsview.exe
mobilefilesearch.exe,F:\Programs\NirLauncher\NirSoft\x64\mobilefilesearch.exe
mozillahistoryview.exe,F:\Programs\NirLauncher\NirSoft\x64\mozillahistoryview.exe
multimonitortool.exe,F:\Programs\NirLauncher\NirSoft\x64\multimonitortool.exe
myeventviewer.exe,F:\Programs\NirLauncher\NirSoft\x64\myeventviewer.exe
mzcv.exe,F:\Programs\NirLauncher\NirSoft\x64\mzcv.exe
netpass.exe,F:\Programs\NirLauncher\NirSoft\x64\netpass.exe
networkinterfacesview.exe,F:\Programs\NirLauncher\NirSoft\x64\networkinterfacesview.exe
networklatencyview.exe,F:\Programs\NirLauncher\NirSoft\x64\networklatencyview.exe
networkopenedfiles.exe,F:\Programs\NirLauncher\NirSoft\x64\networkopenedfiles.exe
networktrafficview.exe,F:\Programs\NirLauncher\NirSoft\x64\networktrafficview.exe
networkusageview.exe,F:\Programs\NirLauncher\NirSoft\x64\networkusageview.exe
nircmd.exe,F:\Programs\NirLauncher\NirSoft\x64\nircmd.exe
nircmdc.exe,F:\Programs\NirLauncher\NirSoft\x64\nircmdc.exe
nk2edit.exe,F:\Programs\NirLauncher\NirSoft\x64\nk2edit.exe
ntfslinksview.exe,F:\Programs\NirLauncher\NirSoft\x64\ntfslinksview.exe
officeins.exe,F:\Programs\NirLauncher\NirSoft\x64\officeins.exe
offlineregistryfinder.exe,F:\Programs\NirLauncher\NirSoft\x64\offlineregistryfinder.exe
offlineregistryview.exe,F:\Programs\NirLauncher\NirSoft\x64\offlineregistryview.exe
openedfilesview.exe,F:\Programs\NirLauncher\NirSoft\x64\openedfilesview.exe
opensavefilesview.exe,F:\Programs\NirLauncher\NirSoft\x64\opensavefilesview.exe
outlookaddressbookview.exe,F:\Programs\NirLauncher\NirSoft\x64\outlookaddressbookview.exe
outlookattachview.exe,F:\Programs\NirLauncher\NirSoft\x64\outlookattachview.exe
outlookstatview.exe,F:\Programs\NirLauncher\NirSoft\x64\outlookstatview.exe
passwordfox.exe,F:\Programs\NirLauncher\NirSoft\x64\passwordfox.exe
passwordscan.exe,F:\Programs\NirLauncher\NirSoft\x64\passwordscan.exe
previousfilesrecovery.exe,F:\Programs\NirLauncher\NirSoft\x64\previousfilesrecovery.exe
processactivityview.exe,F:\Programs\NirLauncher\NirSoft\x64\processactivityview.exe
processtcpsummary.exe,F:\Programs\NirLauncher\NirSoft\x64\processtcpsummary.exe
processthreadsview.exe,F:\Programs\NirLauncher\NirSoft\x64\processthreadsview.exe
produkey.exe,F:\Programs\NirLauncher\NirSoft\x64\produkey.exe
propertysystemview.exe,F:\Programs\NirLauncher\NirSoft\x64\propertysystemview.exe
regdllview.exe,F:\Programs\NirLauncher\NirSoft\x64\regdllview.exe
regfromapp.exe,F:\Programs\NirLauncher\NirSoft\x64\regfromapp.exe
registrychangesview.exe,F:\Programs\NirLauncher\NirSoft\x64\registrychangesview.exe
regscanner.exe,F:\Programs\NirLauncher\NirSoft\x64\regscanner.exe
resourcesextract.exe,F:\Programs\NirLauncher\NirSoft\x64\resourcesextract.exe
rtmpdumphelper.exe,F:\Programs\NirLauncher\NirSoft\x64\rtmpdumphelper.exe
runasdate.exe,F:\Programs\NirLauncher\NirSoft\x64\runasdate.exe
runfromprocess.exe,F:\Programs\NirLauncher\NirSoft\x64\runfromprocess.exe
searchmyfiles.exe,F:\Programs\NirLauncher\NirSoft\x64\searchmyfiles.exe
serviwin.exe,F:\Programs\NirLauncher\NirSoft\x64\serviwin.exe
shadowcopyview.exe,F:\Programs\NirLauncher\NirSoft\x64\shadowcopyview.exe
shexview.exe,F:\Programs\NirLauncher\NirSoft\x64\shexview.exe
shman.exe,F:\Programs\NirLauncher\NirSoft\x64\shman.exe
shmnview.exe,F:\Programs\NirLauncher\NirSoft\x64\shmnview.exe
simpleprogramdebugger.exe,F:\Programs\NirLauncher\NirSoft\x64\simpleprogramdebugger.exe
simplewmiview.exe,F:\Programs\NirLauncher\NirSoft\x64\simplewmiview.exe
smsniff.exe,F:\Programs\NirLauncher\NirSoft\x64\smsniff.exe
sniffpass.exe,F:\Programs\NirLauncher\NirSoft\x64\sniffpass.exe
soundvolumeview.exe,F:\Programs\NirLauncher\NirSoft\x64\soundvolumeview.exe
specialfoldersview.exe,F:\Programs\NirLauncher\NirSoft\x64\specialfoldersview.exe
sysexp.exe,F:\Programs\NirLauncher\NirSoft\x64\sysexp.exe
taskschedulerview.exe,F:\Programs\NirLauncher\NirSoft\x64\taskschedulerview.exe
tcplogview.exe,F:\Programs\NirLauncher\NirSoft\x64\tcplogview.exe
uninstallview.exe,F:\Programs\NirLauncher\NirSoft\x64\uninstallview.exe
usbdeview.exe,F:\Programs\NirLauncher\NirSoft\x64\usbdeview.exe
vaultpasswordview.exe,F:\Programs\NirLauncher\NirSoft\x64\vaultpasswordview.exe
videocacheview.exe,F:\Programs\NirLauncher\NirSoft\x64\videocacheview.exe
volumouse.exe,F:\Programs\NirLauncher\NirSoft\x64\volumouse.exe
volumouse32.exe,F:\Programs\NirLauncher\NirSoft\x64\volumouse32.exe
wakemeonlan.exe,F:\Programs\NirLauncher\NirSoft\x64\wakemeonlan.exe
webcookiessniffer.exe,F:\Programs\NirLauncher\NirSoft\x64\webcookiessniffer.exe
websitesniffer.exe,F:\Programs\NirLauncher\NirSoft\x64\websitesniffer.exe
whatinstartup.exe,F:\Programs\NirLauncher\NirSoft\x64\whatinstartup.exe
whatishang.exe,F:\Programs\NirLauncher\NirSoft\x64\whatishang.exe
whoisconnectedsniffer.exe,F:\Programs\NirLauncher\NirSoft\x64\whoisconnectedsniffer.exe
wifichannelmonitor.exe,F:\Programs\NirLauncher\NirSoft\x64\wifichannelmonitor.exe
wincrashreport.exe,F:\Programs\NirLauncher\NirSoft\x64\wincrashreport.exe
windefthreatsview.exe,F:\Programs\NirLauncher\NirSoft\x64\windefthreatsview.exe
winlister.exe,F:\Programs\NirLauncher\NirSoft\x64\winlister.exe
winprefetchview.exe,F:\Programs\NirLauncher\NirSoft\x64\winprefetchview.exe
winupdatesview.exe,F:\Programs\NirLauncher\NirSoft\x64\winupdatesview.exe
wirelesskeyview.exe,F:\Programs\NirLauncher\NirSoft\x64\wirelesskeyview.exe
NPE.exe,F:\Programs\Norton Power Eraser\NPE.exe
notepad++.exe,F:\Programs\Notepad++_x64\notepad++.exe
GUP.exe,F:\Programs\Notepad++_x64\updater\GUP.exe
NSudoLC.exe,F:\Programs\NSudo_x64\NSudoLC.exe
NSudoLG.exe,F:\Programs\NSudo_x64\NSudoLG.exe
NT6repairx64E.EXE,F:\Programs\NT6repair\NT6repairx64E.EXE
OORegEdt.exe,F:\Programs\O&O RegEditor\OORegEdt.exe
OORegEdt32.exe,F:\Programs\O&O RegEditor\OORegEdt32.exe
OCCT.exe,F:\Programs\OCCT\OCCT.exe
PaintDotNet.exe,F:\Programs\Paint.NET\PaintDotNet.exe
PdnRepair.exe,F:\Programs\Paint.NET\PdnRepair.exe
SetupNgen.exe,F:\Programs\Paint.NET\SetupNgen.exe
UpdateMonitor.exe,F:\Programs\Paint.NET\UpdateMonitor.exe
_853F67D554F05449430E7E.exe,F:\Programs\Paint.NET\Resources\_853F67D554F05449430E7E.exe
launcher.exe,F:\Programs\Passware Kit Forensic\launcher.exe
PDF Analysis & Repair.exe,F:\Programs\PDF Analysis & Repair\PDF Analysis & Repair.exe
PENetwork.exe,F:\Programs\PENetwork\PENetwork.exe
startnet.exe,F:\Programs\PENetwork\startnet.exe
Procmon64.exe,F:\Programs\ProcessMonitor\Procmon64.exe
PStart.exe,F:\Programs\PStart\PStart.exe
Rainmeter.exe,F:\Programs\Rainmeter\Rainmeter.exe
SkinInstaller.exe,F:\Programs\Rainmeter\SkinInstaller.exe
RegFromApp.exe,F:\Programs\RegFromApp\RegFromApp.exe
RegWorkshopx64.exe,F:\Programs\RegistryWorkshop\RegWorkshopx64.exe
Regshot64.exe,F:\Programs\RegShot2\Regshot64.exe
diskspd.exe,F:\Programs\Samsung_Magician\diskspd.exe
RAPIDCollectLogs.bat,F:\Programs\Samsung_Magician\RAPIDCollectLogs.bat
SamsungMagician.exe,F:\Programs\Samsung_Magician\SamsungMagician.exe
Unzip.exe,F:\Programs\Samsung_Magician\Unzip.exe
UTF16StrReplace.exe,F:\Programs\Samsung_Magician\UTF16StrReplace.exe
WaitHelpWindow.exe,F:\Programs\Samsung_Magician\WaitHelpWindow.exe
SeaToolsforWindows.exe,F:\Programs\SeaGateTools\SeaToolsforWindows.exe
stxcon.exe,F:\Programs\SeaGateTools\stxcon.exe
Everything.exe,F:\Programs\Search Everything\Everything.exe
serviwin.exe,F:\Programs\ServiWin_x64\serviwin.exe
ShowKeyPlus_x64.exe,F:\Programs\ShowKeyPlus\ShowKeyPlus_x64.exe
simplewall.exe,F:\Programs\Simplewall\simplewall.exe
siw64.exe,F:\Programs\SIW64\siw64.exe
Ekag20nt.exe,F:\Programs\SQLDatabaseRepair\Ekag20nt.exe
ssr.exe,F:\Programs\SQLDatabaseRepair\ssr.exe
SQLiteDatabaseBrowser.exe,F:\Programs\SQLiteDatabaseBrowser\SQLiteDatabaseBrowser.exe
StellarPhoenixWindowsDataRecovery.exe,F:\Programs\Stellar Phoenix\StellarPhoenixWindowsDataRecovery.exe
AdExplorer.exe,F:\Programs\Sysinternals\AdExplorer.exe
autoruns.exe,F:\Programs\Sysinternals\autoruns.exe
autorunsc.exe,F:\Programs\Sysinternals\autorunsc.exe
Cacheset.exe,F:\Programs\Sysinternals\Cacheset.exe
contig.exe,F:\Programs\Sysinternals\contig.exe
coreinfo.exe,F:\Programs\Sysinternals\coreinfo.exe
dbgview.exe,F:\Programs\Sysinternals\dbgview.exe
diskext.exe,F:\Programs\Sysinternals\diskext.exe
Diskmon.exe,F:\Programs\Sysinternals\Diskmon.exe
DiskView.exe,F:\Programs\Sysinternals\DiskView.exe
du.exe,F:\Programs\Sysinternals\du.exe
efsDump.exe,F:\Programs\Sysinternals\efsDump.exe
handle.exe,F:\Programs\Sysinternals\handle.exe
hex2dec.exe,F:\Programs\Sysinternals\hex2dec.exe
ldmdump.exe,F:\Programs\Sysinternals\ldmdump.exe
listdlls.exe,F:\Programs\Sysinternals\listdlls.exe
ntfsinfo.exe,F:\Programs\Sysinternals\ntfsinfo.exe
pipelist.exe,F:\Programs\Sysinternals\pipelist.exe
procexp.exe,F:\Programs\Sysinternals\procexp.exe
procmon.exe,F:\Programs\Sysinternals\procmon.exe
pskill.exe,F:\Programs\Sysinternals\pskill.exe
pslist.exe,F:\Programs\Sysinternals\pslist.exe
psservice.exe,F:\Programs\Sysinternals\psservice.exe
pssuspend.exe,F:\Programs\Sysinternals\pssuspend.exe
RamMap.exe,F:\Programs\Sysinternals\RamMap.exe
sdelete.exe,F:\Programs\Sysinternals\sdelete.exe
strings.exe,F:\Programs\Sysinternals\strings.exe
sync.exe,F:\Programs\Sysinternals\sync.exe
Tcpview.exe,F:\Programs\Sysinternals\Tcpview.exe
fidentify_win.exe,F:\Programs\testdisk-7.2-WIP\fidentify_win.exe
photorec_win.exe,F:\Programs\testdisk-7.2-WIP\photorec_win.exe
qphotorec_win.exe,F:\Programs\testdisk-7.2-WIP\qphotorec_win.exe
testdisk_win.exe,F:\Programs\testdisk-7.2-WIP\testdisk_win.exe
tftpd64.exe,F:\Programs\TFTPd64\tftpd64.exe
NOCLOSE64.EXE,F:\Programs\Total Commander\NOCLOSE64.EXE
TCMADM64.EXE,F:\Programs\Total Commander\TCMADM64.EXE
TCMDX32.EXE,F:\Programs\Total Commander\TCMDX32.EXE
TcUsbRun.exe,F:\Programs\Total Commander\TcUsbRun.exe
TOTALCMD64.EXE,F:\Programs\Total Commander\TOTALCMD64.EXE
TreeSize.exe,F:\Programs\TreeSize Pro\TreeSize.exe
ufsxpci.exe,F:\Programs\UFSExplorer\ufsxpci.exe
Unlocker.exe,F:\Programs\UnLocker\Unlocker.exe
UnlockerInject32.exe,F:\Programs\UnLocker\UnlockerInject32.exe
UnLockIT.exe,F:\Programs\UnlockIT\UnLockIT.exe
Ventoy2Disk.exe,F:\Programs\ventoy\Ventoy2Disk.exe
vlc.exe,F:\Programs\VideoLAN\vlc.exe
WinDlg.exe,F:\Programs\WesternDigital\WinDlg.exe
wifiscanner.exe,F:\Programs\WIFIscanner\wifiscanner.exe
WinContig64.exe,F:\Programs\WinContig\WinContig64.exe
DefenderControl.exe,F:\Programs\Windows Defender Control\DefenderControl.exe
Win_Toolkit.exe,F:\Programs\Windows Defender Control\Win_Toolkit.exe
WinMergeU.exe,F:\Programs\WinMerge_x64\WinMergeU.exe
Ace32Loader.exe,F:\Programs\WinRAR\Ace32Loader.exe
Rar.exe,F:\Programs\WinRAR\Rar.exe
UnRAR.exe,F:\Programs\WinRAR\UnRAR.exe
WinRAR.exe,F:\Programs\WinRAR\WinRAR.exe
ace32loader.exe,F:\Programs\WinRAR\Formats\ace32loader.exe
WipeFile.exe,F:\Programs\WipeFile\WipeFile.exe
WizTree64.exe,F:\Programs\WizTree\WizTree64.exe
remove_owner.bat,F:\Remove Owner\remove_owner.bat
PlatformTags32W.exe,F:\Remove Owner\PlatTagsSWB40300\PlatformTags32W.exe
PlatformTags64W.exe,F:\Remove Owner\PlatTagsSWB40300\PlatformTags64W.exe
HfcDisableService.exe,F:\RST\RST-x64 (Non-Intel® VMD)\HfcDisableService.exe
iaStorAfsNative.exe,F:\RST\RST-x64 (Non-Intel® VMD)\iaStorAfsNative.exe
iaStorAfsService.exe,F:\RST\RST-x64 (Non-Intel® VMD)\iaStorAfsService.exe
RstMwService.exe,F:\RST\RST-x64 (Non-Intel® VMD)\RstMwService.exe
iaStorAfsNative.exe,F:\RST\RST-x64 - VMD\F6flpy-x64 (Intel® VMD)\iaStorAfsNative.exe
iaStorAfsService.exe,F:\RST\RST-x64 - VMD\F6flpy-x64 (Intel® VMD)\iaStorAfsService.exe
RstMwService.exe,F:\RST\RST-x64 - VMD\F6flpy-x64 (Intel® VMD)\RstMwService.exe
RstMwService.exe,F:\RST\RST10-11\production\Windows10-x64\15063\Drivers\AHCI\RstMwService.exe
HfcDisableService.exe,F:\RST\RST10-11\production\Windows10-x64\15063\Drivers\RAID\HfcDisableService.exe
iaStorAfsNative.exe,F:\RST\RST10-11\production\Windows10-x64\15063\Drivers\RAID\iaStorAfsNative.exe
iaStorAfsService.exe,F:\RST\RST10-11\production\Windows10-x64\15063\Drivers\RAID\iaStorAfsService.exe
RstMwService.exe,F:\RST\RST10-11\production\Windows10-x64\15063\Drivers\RAID\RstMwService.exe
iaStorAfsNative.exe,F:\RST\RST10-11\production\Windows10-x64\15063\Drivers\VMD\iaStorAfsNative.exe
iaStorAfsService.exe,F:\RST\RST10-11\production\Windows10-x64\15063\Drivers\VMD\iaStorAfsService.exe
RstMwService.exe,F:\RST\RST10-11\production\Windows10-x64\15063\Drivers\VMD\RstMwService.exe
RstMwService.exe,F:\RST\RST11-13\VMD\RstMwService.exe
RstMwService.exe,F:\RST\RST_V19.1.0.1001_PV\RstMwService.exe
HPUP.exe,F:\RST\sp146929\HPUP.exe
pnputil.exe,F:\RST\sp146929\pnputil.exe
RstMwService.exe,F:\RST\sp146929\dchu_VMD\RstMwService.exe
RstMwService.exe,F:\RST\sp146929\F6\RstMwService.exe
Wifi.bat,F:\System\Startup\Wifi.bat
clwc.exe,F:\System\WallpaperChanger\clwc.exe
BatteryInfoView.exe,F:\_Tools\BatteryInfoView.exe
CrucialScan SSD Test.exe,F:\_Tools\CrucialScan SSD Test.exe
KillDisk WIPE.exe,F:\_Tools\KillDisk WIPE.exe
prime95 CPU TEST.exe,F:\_Tools\prime95 CPU TEST.exe
SCAN12.exe,F:\_Tools\SCAN12.exe
dsktp-belly-tag.ps1,F:\_Tools\ACI_REFURB\dsktp-belly-tag.ps1
lptp-belly-tag.ps1,F:\_Tools\ACI_REFURB\lptp-belly-tag.ps1
Ninite Chrome LibreOffice VLC Installer.exe,F:\_Tools\ACI_REFURB\Ninite Chrome LibreOffice VLC Installer.exe
Action Refurb Manager - Copy.bat,F:\_Tools\ACI_REFURB\ACIRefurbManager\Action Refurb Manager - Copy.bat
Action Refurb Manager.bat,F:\_Tools\ACI_REFURB\ACIRefurbManager\Action Refurb Manager.bat
actionWin10.bat,F:\_Tools\ACI_REFURB\ACIRefurbManager\Scripts\actionWin10.bat
actionWin11.bat,F:\_Tools\ACI_REFURB\ACIRefurbManager\Scripts\actionWin11.bat
productKey.bat,F:\_Tools\ACI_REFURB\ACIRefurbManager\Scripts\productKey.bat
zzzzsleepytime.bat,F:\_Tools\ACI_REFURB\ACIRefurbManager\Scripts\zzzzsleepytime.bat
dsktp-belly-tag.ps1,F:\_Tools\ACI_REFURB\ACIRefurbManager\Shells\dsktp-belly-tag.ps1
lptp-belly-tag.ps1,F:\_Tools\ACI_REFURB\ACIRefurbManager\Shells\lptp-belly-tag.ps1
AOMEI Partition Assistant.exe,F:\_Tools\AOMEI Partition Assistant Technician Edition 8.4 CLONE\AOMEI Partition Assistant.exe
LoadDrv_x64.exe,F:\_Tools\AOMEI Partition Assistant Technician Edition 8.4 CLONE\Data\AOMEI Partition Assistant\local\modified\@PROGRAMFILESX86@\AOMEI Partition Assistant\LoadDrv_x64.exe    
PartAssist.exe,F:\_Tools\AOMEI Partition Assistant Technician Edition 8.4 CLONE\Data\AOMEI Partition Assistant\local\modified\@PROGRAMFILESX86@\AOMEI Partition Assistant\PartAssist.exe      
SetupGreen64.exe,F:\_Tools\AOMEI Partition Assistant Technician Edition 8.4 CLONE\Data\AOMEI Partition Assistant\local\modified\@PROGRAMFILESX86@\AOMEI Partition Assistant\SetupGreen64.exe  
ampa.exe,F:\_Tools\AOMEI Partition Assistant Technician Edition 8.4 CLONE\Data\AOMEI Partition Assistant\local\modified\@PROGRAMFILESX86@\AOMEI Partition Assistant\native\wlh\amd64\fre\ampa.exe
PartAssist.exe,F:\_Tools\AOMEI Partition Assistant Technician Edition 8.4 CLONE\Data\AOMEI Partition Assistant\local\stubexe\0x2A88A64FDC95F446\PartAssist.exe
SetupGreen64.exe,F:\_Tools\AOMEI Partition Assistant Technician Edition 8.4 CLONE\Data\AOMEI Partition Assistant\local\stubexe\0xBF19EFF3B9213B3A\SetupGreen64.exe
LoadDrv_x64.exe,F:\_Tools\AOMEI Partition Assistant Technician Edition 8.4 CLONE\Data\AOMEI Partition Assistant\local\stubexe\0xC302C0BB3F253745\LoadDrv_x64.exe
cpuburner.exe,F:\_Tools\FurMark GPU Test\cpuburner.exe
FurMark.exe,F:\_Tools\FurMark GPU Test\FurMark.exe
gpushark.bat,F:\_Tools\FurMark GPU Test\gpushark.bat
gpushark.exe,F:\_Tools\FurMark GPU Test\gpushark.exe
gpuz.exe,F:\_Tools\FurMark GPU Test\gpuz.exe
start.bat,F:\_Tools\FurMark GPU Test\start.bat
unins000.exe,F:\_Tools\FurMark GPU Test\unins000.exe
harddisksentinelupdate.exe,F:\_Tools\HDSentinel\harddisksentinelupdate.exe
hdsaction.exe,F:\_Tools\HDSentinel\hdsaction.exe
hdsctrl.exe,F:\_Tools\HDSentinel\hdsctrl.exe
HDSentinel.exe,F:\_Tools\HDSentinel\HDSentinel.exe
HDSentinelTray.exe,F:\_Tools\HDSentinel\HDSentinelTray.exe
harddisksentinelupdate.exe,F:\_Tools\HDSentinelPro\harddisksentinelupdate.exe
hdsaction.exe,F:\_Tools\HDSentinelPro\hdsaction.exe
hdsctrl.exe,F:\_Tools\HDSentinelPro\hdsctrl.exe
HDSentinel.exe,F:\_Tools\HDSentinelPro\HDSentinel.exe
HDSentinelTray.exe,F:\_Tools\HDSentinelPro\HDSentinelTray.exe
WindowsMigrationAssistantSetup.exe,F:\_Tools\Mac Tools\WindowsMigrationAssistantSetup.exe
adwcleaner.exe,F:\_Tools\Malware Removal\adwcleaner.exe
HitmanPro_x64.exe,F:\_Tools\Malware Removal\HitmanPro_x64.exe
MWB antirootkit portable.exe,F:\_Tools\Malware Removal\MWB antirootkit portable.exe
SUPERAntiSpyware.exe,F:\_Tools\Malware Removal\SUPERAntiSpyware.exe
CrystalDiskInfoPortable.exe,F:\_Tools\Malware Removal\CrystalDiskInfoPortable\CrystalDiskInfoPortable.exe
DiskInfo32.exe,F:\_Tools\Malware Removal\CrystalDiskInfoPortable\App\CrystalDiskInfo\DiskInfo32.exe
DiskInfo64.exe,F:\_Tools\Malware Removal\CrystalDiskInfoPortable\App\CrystalDiskInfo\DiskInfo64.exe
AlertMail.exe,F:\_Tools\Malware Removal\CrystalDiskInfoPortable\App\CrystalDiskInfo\CdiResource\AlertMail.exe
AlertMail4.exe,F:\_Tools\Malware Removal\CrystalDiskInfoPortable\App\CrystalDiskInfo\CdiResource\AlertMail4.exe
opusdec.exe,F:\_Tools\Malware Removal\CrystalDiskInfoPortable\App\CrystalDiskInfo\CdiResource\opus\opusdec.exe
CrystalDiskMarkPortable.exe,F:\_Tools\Malware Removal\CrystalDiskMarkPortable\CrystalDiskMarkPortable.exe
DiskMark32.exe,F:\_Tools\Malware Removal\CrystalDiskMarkPortable\App\CrystalDiskMark\DiskMark32.exe
DiskMark64.exe,F:\_Tools\Malware Removal\CrystalDiskMarkPortable\App\CrystalDiskMark\DiskMark64.exe
DiskMarkA32.exe,F:\_Tools\Malware Removal\CrystalDiskMarkPortable\App\CrystalDiskMark\DiskMarkA32.exe
DiskMarkA64.exe,F:\_Tools\Malware Removal\CrystalDiskMarkPortable\App\CrystalDiskMark\DiskMarkA64.exe
DiskSpd32.exe,F:\_Tools\Malware Removal\CrystalDiskMarkPortable\App\CrystalDiskMark\CdmResource\DiskSpd\DiskSpd32.exe
DiskSpd32L.exe,F:\_Tools\Malware Removal\CrystalDiskMarkPortable\App\CrystalDiskMark\CdmResource\DiskSpd\DiskSpd32L.exe
DiskSpd64.exe,F:\_Tools\Malware Removal\CrystalDiskMarkPortable\App\CrystalDiskMark\CdmResource\DiskSpd\DiskSpd64.exe
DiskSpd64L.exe,F:\_Tools\Malware Removal\CrystalDiskMarkPortable\App\CrystalDiskMark\CdmResource\DiskSpd\DiskSpd64L.exe
DiskSpdA32.exe,F:\_Tools\Malware Removal\CrystalDiskMarkPortable\App\CrystalDiskMark\CdmResource\DiskSpd\DiskSpdA32.exe
DiskSpdA64.exe,F:\_Tools\Malware Removal\CrystalDiskMarkPortable\App\CrystalDiskMark\CdmResource\DiskSpd\DiskSpdA64.exe
KVRT.exe,F:\_Tools\Malware Removal\KVRT\KVRT.exe
mbam.exe,F:\_Tools\Malware Removal\Malwarebytes Anti-Malware_portable\mbam.exe
mbam.exe,F:\_Tools\Malware Removal\Malwarebytes Anti-Malware_portable\App\Malwarebytes\mbam.exe
mbamdor.exe,F:\_Tools\Malware Removal\Malwarebytes Anti-Malware_portable\App\Malwarebytes\mbamdor.exe
mbampt.exe,F:\_Tools\Malware Removal\Malwarebytes Anti-Malware_portable\App\Malwarebytes\mbampt.exe
mbamresearch.exe,F:\_Tools\Malware Removal\Malwarebytes Anti-Malware_portable\App\Malwarebytes\mbamresearch.exe
mbamscheduler.exe,F:\_Tools\Malware Removal\Malwarebytes Anti-Malware_portable\App\Malwarebytes\mbamscheduler.exe
mbamservice.exe,F:\_Tools\Malware Removal\Malwarebytes Anti-Malware_portable\App\Malwarebytes\mbamservice.exe
mbam-chameleon.exe,F:\_Tools\Malware Removal\Malwarebytes Anti-Malware_portable\App\Malwarebytes\Chameleon\Windows\mbam-chameleon.exe
mbam-killer.exe,F:\_Tools\Malware Removal\Malwarebytes Anti-Malware_portable\App\Malwarebytes\Chameleon\Windows\mbam-killer.exe
fixdamage.exe,F:\_Tools\Malware Removal\Malwarebytes Anti-Malware_portable\App\Malwarebytes\Plugins\fixdamage.exe
MBSetup.exe,F:\_Tools\Malware Removal\Malwarebytes Anti-Malware_portable\Data\Malwarebytes\MBAMService\instlrupdate\MBSetup.exe
ig.exe,F:\_Tools\Malware Removal\Malwarebytes Anti-Malware_portable\Data\Malwarebytes\MBAMService\lkg_db\ig.exe
FullEventLogView.exe,F:\_Tools\Misc Tools and Fixes\FullEventLogView.exe
Ghostbuster_Portable.exe,F:\_Tools\Misc Tools and Fixes\Ghostbuster_Portable.exe
MemTest64.exe,F:\_Tools\Misc Tools and Fixes\MemTest64.exe
MS Icon Fix.bat,F:\_Tools\Misc Tools and Fixes\MS Icon Fix.bat
Reset_Reregister_Windows_Update_Components.bat,F:\_Tools\Misc Tools and Fixes\Reset_Reregister_Windows_Update_Components.bat
Western Digital SSD Diag.exe,F:\_Tools\Misc Tools and Fixes\Western Digital SSD Diag.exe
WindowsUpdate.BAT,F:\_Tools\Misc Tools and Fixes\WindowsUpdate.BAT
BleachBitPortable.exe,F:\_Tools\Misc Tools and Fixes\BleachBitPortable\BleachBitPortable.exe
bleachbit.exe,F:\_Tools\Misc Tools and Fixes\BleachBitPortable\App\BleachBit\bleachbit.exe
bleachbit_console.exe,F:\_Tools\Misc Tools and Fixes\BleachBitPortable\App\BleachBit\bleachbit_console.exe
gspawn-win32-helper-console.exe,F:\_Tools\Misc Tools and Fixes\BleachBitPortable\App\BleachBit\gspawn-win32-helper-console.exe
gspawn-win32-helper.exe,F:\_Tools\Misc Tools and Fixes\BleachBitPortable\App\BleachBit\gspawn-win32-helper.exe
BlueScreenView.exe,F:\_Tools\Misc Tools and Fixes\BlueScreen View\BlueScreenView.exe
bit.exe,F:\_Tools\Misc Tools and Fixes\Burn In Test Hardware Tester (not malware)\bit.exe
HWMonitor_x64.exe,F:\_Tools\Misc Tools and Fixes\HW Monitor\HWMonitor_x64.exe
Lockpick.exe,F:\_Tools\Misc Tools and Fixes\Lockpick\Lockpick.exe
ActivePasswordChanger_x64.exe,F:\_Tools\Misc Tools and Fixes\Lockpick\Portable\x64\ActivePasswordChanger_x64.exe
Bwp_x64.exe,F:\_Tools\Misc Tools and Fixes\Lockpick\Portable\x64\Bwp_x64.exe
FastBootDetect_x64.exe,F:\_Tools\Misc Tools and Fixes\Lockpick\Portable\x64\FastBootDetect_x64.exe
ntpwedit_x64.exe,F:\_Tools\Misc Tools and Fixes\Lockpick\Portable\x64\ntpwedit_x64.exe
OOStarting_x64.exe,F:\_Tools\Misc Tools and Fixes\Lockpick\Portable\x64\OOStarting_x64.exe
PassReset_x64.exe,F:\_Tools\Misc Tools and Fixes\Lockpick\Portable\x64\PassReset_x64.exe
PCUnlocker_x64.exe,F:\_Tools\Misc Tools and Fixes\Lockpick\Portable\x64\PCUnlocker_x64.exe
PEPassPass_x64.exe,F:\_Tools\Misc Tools and Fixes\Lockpick\Portable\x64\PEPassPass_x64.exe
resethiberfil_x64.exe,F:\_Tools\Misc Tools and Fixes\Lockpick\Portable\x64\resethiberfil_x64.exe
rwp_x64.exe,F:\_Tools\Misc Tools and Fixes\Lockpick\Portable\x64\rwp_x64.exe
SQLServer_x64.exe,F:\_Tools\Misc Tools and Fixes\Lockpick\Portable\x64\SQLServer_x64.exe
WLU_x64.exe,F:\_Tools\Misc Tools and Fixes\Lockpick\Portable\x64\WLU_x64.exe
UUKeysWindowsPasswordRecovery.exe,F:\_Tools\Misc Tools and Fixes\Lockpick\Portable\x64\UUKeys\UUKeysWindowsPasswordRecovery.exe
Product Key Recovery.exe,F:\_Tools\Misc Tools and Fixes\Lockpick\Portable\x64\WBG_PasswordKeyRecovery\Product Key Recovery.exe
Windows Password Reset.exe,F:\_Tools\Misc Tools and Fixes\Lockpick\Portable\x64\WBG_PasswordKeyRecovery\Windows Password Reset.exe
keyfinder.exe,F:\_Tools\Misc Tools and Fixes\Magical JellyBean\keyfinder.exe
mbar.exe,F:\_Tools\Misc Tools and Fixes\Malwarebytes Anti-Rootkit\mbar.exe
NirLauncher.exe,F:\_Tools\Misc Tools and Fixes\NirLauncher\NirLauncher.exe
advancedrun.exe,F:\_Tools\Misc Tools and Fixes\NirLauncher\NirSoft\advancedrun.exe
allthreadsview.exe,F:\_Tools\Misc Tools and Fixes\NirLauncher\NirSoft\allthreadsview.exe
alternatestreamview.exe,F:\_Tools\Misc Tools and Fixes\NirLauncher\NirSoft\alternatestreamview.exe
altstreamdump.exe,F:\_Tools\Misc Tools and Fixes\NirLauncher\NirSoft\altstreamdump.exe
appaudioconfig.exe,F:\_Tools\Misc Tools and Fixes\NirLauncher\NirSoft\appaudioconfig.exe
appcompatibilityview.exe,F:\_Tools\Misc Tools and Fixes\NirLauncher\NirSoft\appcompatibilityview.exe
appcrashview.exe,F:\_Tools\Misc Tools and Fixes\NirLauncher\NirSoft\appcrashview.exe
appnetworkcounter.exe,F:\_Tools\Misc Tools and Fixes\NirLauncher\NirSoft\appnetworkcounter.exe
appreadwritecounter.exe,F:\_Tools\Misc Tools and Fixes\NirLauncher\NirSoft\appreadwritecounter.exe
awatch.exe,F:\_Tools\Misc Tools and Fixes\NirLauncher\NirSoft\awatch.exe
axhelper.exe,F:\_Tools\Misc Tools and Fixes\NirLauncher\NirSoft\axhelper.exe
batteryinfoview.exe,F:\_Tools\Misc Tools and Fixes\NirLauncher\NirSoft\batteryinfoview.exe
bluescreenview.exe,F:\_Tools\Misc Tools and Fixes\NirLauncher\NirSoft\bluescreenview.exe
bluetoothcl.exe,F:\_Tools\Misc Tools and Fixes\NirLauncher\NirSoft\bluetoothcl.exe
bluetoothlogview.exe,F:\_Tools\Misc Tools and Fixes\NirLauncher\NirSoft\bluetoothlogview.exe
bluetoothview.exe,F:\_Tools\Misc Tools and Fixes\NirLauncher\NirSoft\bluetoothview.exe
browseraddonsview.exe,F:\_Tools\Misc Tools and Fixes\NirLauncher\NirSoft\browseraddonsview.exe
browserdownloadsview.exe,F:\_Tools\Misc Tools and Fixes\NirLauncher\NirSoft\browserdownloadsview.exe
browsinghistoryview.exe,F:\_Tools\Misc Tools and Fixes\NirLauncher\NirSoft\browsinghistoryview.exe
bulkfilechanger.exe,F:\_Tools\Misc Tools and Fixes\NirLauncher\NirSoft\bulkfilechanger.exe
chromecacheview.exe,F:\_Tools\Misc Tools and Fixes\NirLauncher\NirSoft\chromecacheview.exe
chromecookiesview.exe,F:\_Tools\Misc Tools and Fixes\NirLauncher\NirSoft\chromecookiesview.exe
chromehistoryview.exe,F:\_Tools\Misc Tools and Fixes\NirLauncher\NirSoft\chromehistoryview.exe
chromepass.exe,F:\_Tools\Misc Tools and Fixes\NirLauncher\NirSoft\chromepass.exe
cleanafterme.exe,F:\_Tools\Misc Tools and Fixes\NirLauncher\NirSoft\cleanafterme.exe
clipboardic.exe,F:\_Tools\Misc Tools and Fixes\NirLauncher\NirSoft\clipboardic.exe
controlmymonitor.exe,F:\_Tools\Misc Tools and Fixes\NirLauncher\NirSoft\controlmymonitor.exe
countrytraceroute.exe,F:\_Tools\Misc Tools and Fixes\NirLauncher\NirSoft\countrytraceroute.exe
cports.exe,F:\_Tools\Misc Tools and Fixes\NirLauncher\NirSoft\cports.exe
cprocess.exe,F:\_Tools\Misc Tools and Fixes\NirLauncher\NirSoft\cprocess.exe
credentialsfileview.exe,F:\_Tools\Misc Tools and Fixes\NirLauncher\NirSoft\credentialsfileview.exe
csvfileview.exe,F:\_Tools\Misc Tools and Fixes\NirLauncher\NirSoft\csvfileview.exe
ctie.exe,F:\_Tools\Misc Tools and Fixes\NirLauncher\NirSoft\ctie.exe
customexplorertoolbar.exe,F:\_Tools\Misc Tools and Fixes\NirLauncher\NirSoft\customexplorertoolbar.exe
dataprotectiondecryptor.exe,F:\_Tools\Misc Tools and Fixes\NirLauncher\NirSoft\dataprotectiondecryptor.exe
deviceioview.exe,F:\_Tools\Misc Tools and Fixes\NirLauncher\NirSoft\deviceioview.exe
devmanview.exe,F:\_Tools\Misc Tools and Fixes\NirLauncher\NirSoft\devmanview.exe
dialupass.exe,F:\_Tools\Misc Tools and Fixes\NirLauncher\NirSoft\dialupass.exe
diskcountersview.exe,F:\_Tools\Misc Tools and Fixes\NirLauncher\NirSoft\diskcountersview.exe
disksmartview.exe,F:\_Tools\Misc Tools and Fixes\NirLauncher\NirSoft\disksmartview.exe
dllexp.exe,F:\_Tools\Misc Tools and Fixes\NirLauncher\NirSoft\dllexp.exe
dnsdataview.exe,F:\_Tools\Misc Tools and Fixes\NirLauncher\NirSoft\dnsdataview.exe
dnsquerysniffer.exe,F:\_Tools\Misc Tools and Fixes\NirLauncher\NirSoft\dnsquerysniffer.exe
domainhostingview.exe,F:\_Tools\Misc Tools and Fixes\NirLauncher\NirSoft\domainhostingview.exe
dotnetresourcesextract.exe,F:\_Tools\Misc Tools and Fixes\NirLauncher\NirSoft\dotnetresourcesextract.exe
downtester.exe,F:\_Tools\Misc Tools and Fixes\NirLauncher\NirSoft\downtester.exe
driveletterview.exe,F:\_Tools\Misc Tools and Fixes\NirLauncher\NirSoft\driveletterview.exe
driverview.exe,F:\_Tools\Misc Tools and Fixes\NirLauncher\NirSoft\driverview.exe
dumpedid.exe,F:\_Tools\Misc Tools and Fixes\NirLauncher\NirSoft\dumpedid.exe
edgecookiesview.exe,F:\_Tools\Misc Tools and Fixes\NirLauncher\NirSoft\edgecookiesview.exe
encryptedregview.exe,F:\_Tools\Misc Tools and Fixes\NirLauncher\NirSoft\encryptedregview.exe
esedatabaseview.exe,F:\_Tools\Misc Tools and Fixes\NirLauncher\NirSoft\esedatabaseview.exe
eventlogchannelsview.exe,F:\_Tools\Misc Tools and Fixes\NirLauncher\NirSoft\eventlogchannelsview.exe
eventlogsourcesview.exe,F:\_Tools\Misc Tools and Fixes\NirLauncher\NirSoft\eventlogsourcesview.exe
executedprogramslist.exe,F:\_Tools\Misc Tools and Fixes\NirLauncher\NirSoft\executedprogramslist.exe
exifdataview.exe,F:\_Tools\Misc Tools and Fixes\NirLauncher\NirSoft\exifdataview.exe
fastresolver.exe,F:\_Tools\Misc Tools and Fixes\NirLauncher\NirSoft\fastresolver.exe
faview.exe,F:\_Tools\Misc Tools and Fixes\NirLauncher\NirSoft\faview.exe
fbcacheview.exe,F:\_Tools\Misc Tools and Fixes\NirLauncher\NirSoft\fbcacheview.exe
fileaccesserrorview.exe,F:\_Tools\Misc Tools and Fixes\NirLauncher\NirSoft\fileaccesserrorview.exe
fileactivitywatch.exe,F:\_Tools\Misc Tools and Fixes\NirLauncher\NirSoft\fileactivitywatch.exe
filetypesman.exe,F:\_Tools\Misc Tools and Fixes\NirLauncher\NirSoft\filetypesman.exe
firefoxdownloadsview.exe,F:\_Tools\Misc Tools and Fixes\NirLauncher\NirSoft\firefoxdownloadsview.exe
firmwaretablesview.exe,F:\_Tools\Misc Tools and Fixes\NirLauncher\NirSoft\firmwaretablesview.exe
flashcookiesview.exe,F:\_Tools\Misc Tools and Fixes\NirLauncher\NirSoft\flashcookiesview.exe
folderchangesview.exe,F:\_Tools\Misc Tools and Fixes\NirLauncher\NirSoft\folderchangesview.exe
foldertimeupdate.exe,F:\_Tools\Misc Tools and Fixes\NirLauncher\NirSoft\foldertimeupdate.exe
fulleventlogview.exe,F:\_Tools\Misc Tools and Fixes\NirLauncher\NirSoft\fulleventlogview.exe
gdiview.exe,F:\_Tools\Misc Tools and Fixes\NirLauncher\NirSoft\gdiview.exe
getnir.exe,F:\_Tools\Misc Tools and Fixes\NirLauncher\NirSoft\getnir.exe
guipropview.exe,F:\_Tools\Misc Tools and Fixes\NirLauncher\NirSoft\guipropview.exe
handlecountersview.exe,F:\_Tools\Misc Tools and Fixes\NirLauncher\NirSoft\handlecountersview.exe
hashmyfiles.exe,F:\_Tools\Misc Tools and Fixes\NirLauncher\NirSoft\hashmyfiles.exe
heapmemview.exe,F:\_Tools\Misc Tools and Fixes\NirLauncher\NirSoft\heapmemview.exe
hostednetworkstarter.exe,F:\_Tools\Misc Tools and Fixes\NirLauncher\NirSoft\hostednetworkstarter.exe
hotkeyslist.exe,F:\_Tools\Misc Tools and Fixes\NirLauncher\NirSoft\hotkeyslist.exe
htmlastext.exe,F:\_Tools\Misc Tools and Fixes\NirLauncher\NirSoft\htmlastext.exe
htmldocedit.exe,F:\_Tools\Misc Tools and Fixes\NirLauncher\NirSoft\htmldocedit.exe
iconsext.exe,F:\_Tools\Misc Tools and Fixes\NirLauncher\NirSoft\iconsext.exe
iecacheview.exe,F:\_Tools\Misc Tools and Fixes\NirLauncher\NirSoft\iecacheview.exe
iecv.exe,F:\_Tools\Misc Tools and Fixes\NirLauncher\NirSoft\iecv.exe
iehv.exe,F:\_Tools\Misc Tools and Fixes\NirLauncher\NirSoft\iehv.exe
iepv.exe,F:\_Tools\Misc Tools and Fixes\NirLauncher\NirSoft\iepv.exe
imagecacheviewer.exe,F:\_Tools\Misc Tools and Fixes\NirLauncher\NirSoft\imagecacheviewer.exe
insideclipboard.exe,F:\_Tools\Misc Tools and Fixes\NirLauncher\NirSoft\insideclipboard.exe
installedappview.exe,F:\_Tools\Misc Tools and Fixes\NirLauncher\NirSoft\installedappview.exe
installedcodec.exe,F:\_Tools\Misc Tools and Fixes\NirLauncher\NirSoft\installedcodec.exe
installeddriverslist.exe,F:\_Tools\Misc Tools and Fixes\NirLauncher\NirSoft\installeddriverslist.exe
installedpackagesview.exe,F:\_Tools\Misc Tools and Fixes\NirLauncher\NirSoft\installedpackagesview.exe
ipinfooffline.exe,F:\_Tools\Misc Tools and Fixes\NirLauncher\NirSoft\ipinfooffline.exe
ipnetinfo.exe,F:\_Tools\Misc Tools and Fixes\NirLauncher\NirSoft\ipnetinfo.exe
jumplistsview.exe,F:\_Tools\Misc Tools and Fixes\NirLauncher\NirSoft\jumplistsview.exe
keyboardstateview.exe,F:\_Tools\Misc Tools and Fixes\NirLauncher\NirSoft\keyboardstateview.exe
lastactivityview.exe,F:\_Tools\Misc Tools and Fixes\NirLauncher\NirSoft\lastactivityview.exe
livecontactsview.exe,F:\_Tools\Misc Tools and Fixes\NirLauncher\NirSoft\livecontactsview.exe
livetcpudpwatch.exe,F:\_Tools\Misc Tools and Fixes\NirLauncher\NirSoft\livetcpudpwatch.exe
loadeddllsview.exe,F:\_Tools\Misc Tools and Fixes\NirLauncher\NirSoft\loadeddllsview.exe
lsasecretsdump.exe,F:\_Tools\Misc Tools and Fixes\NirLauncher\NirSoft\lsasecretsdump.exe
lsasecretsview.exe,F:\_Tools\Misc Tools and Fixes\NirLauncher\NirSoft\lsasecretsview.exe
macaddressview.exe,F:\_Tools\Misc Tools and Fixes\NirLauncher\NirSoft\macaddressview.exe
mailpv.exe,F:\_Tools\Misc Tools and Fixes\NirLauncher\NirSoft\mailpv.exe
managewirelessnetworks.exe,F:\_Tools\Misc Tools and Fixes\NirLauncher\NirSoft\managewirelessnetworks.exe
mmcsnapinsview.exe,F:\_Tools\Misc Tools and Fixes\NirLauncher\NirSoft\mmcsnapinsview.exe
mobilefilesearch.exe,F:\_Tools\Misc Tools and Fixes\NirLauncher\NirSoft\mobilefilesearch.exe
monitorinfoview.exe,F:\_Tools\Misc Tools and Fixes\NirLauncher\NirSoft\monitorinfoview.exe
mozillahistoryview.exe,F:\_Tools\Misc Tools and Fixes\NirLauncher\NirSoft\mozillahistoryview.exe
mspass.exe,F:\_Tools\Misc Tools and Fixes\NirLauncher\NirSoft\mspass.exe
muicacheview.exe,F:\_Tools\Misc Tools and Fixes\NirLauncher\NirSoft\muicacheview.exe
multimonitortool.exe,F:\_Tools\Misc Tools and Fixes\NirLauncher\NirSoft\multimonitortool.exe
mweather.exe,F:\_Tools\Misc Tools and Fixes\NirLauncher\NirSoft\mweather.exe
myeventviewer.exe,F:\_Tools\Misc Tools and Fixes\NirLauncher\NirSoft\myeventviewer.exe
mylastsearch.exe,F:\_Tools\Misc Tools and Fixes\NirLauncher\NirSoft\mylastsearch.exe
mzcacheview.exe,F:\_Tools\Misc Tools and Fixes\NirLauncher\NirSoft\mzcacheview.exe
mzcv.exe,F:\_Tools\Misc Tools and Fixes\NirLauncher\NirSoft\mzcv.exe
netbscanner.exe,F:\_Tools\Misc Tools and Fixes\NirLauncher\NirSoft\netbscanner.exe
netconnectchoose.exe,F:\_Tools\Misc Tools and Fixes\NirLauncher\NirSoft\netconnectchoose.exe
netpass.exe,F:\_Tools\Misc Tools and Fixes\NirLauncher\NirSoft\netpass.exe
netresview.exe,F:\_Tools\Misc Tools and Fixes\NirLauncher\NirSoft\netresview.exe
netrouteview.exe,F:\_Tools\Misc Tools and Fixes\NirLauncher\NirSoft\netrouteview.exe
networkconnectlog.exe,F:\_Tools\Misc Tools and Fixes\NirLauncher\NirSoft\networkconnectlog.exe
networkcounterswatch.exe,F:\_Tools\Misc Tools and Fixes\NirLauncher\NirSoft\networkcounterswatch.exe
networkinterfacesview.exe,F:\_Tools\Misc Tools and Fixes\NirLauncher\NirSoft\networkinterfacesview.exe
networklatencyview.exe,F:\_Tools\Misc Tools and Fixes\NirLauncher\NirSoft\networklatencyview.exe
networkopenedfiles.exe,F:\_Tools\Misc Tools and Fixes\NirLauncher\NirSoft\networkopenedfiles.exe
networktrafficview.exe,F:\_Tools\Misc Tools and Fixes\NirLauncher\NirSoft\networktrafficview.exe
networkusageview.exe,F:\_Tools\Misc Tools and Fixes\NirLauncher\NirSoft\networkusageview.exe
nircmd.exe,F:\_Tools\Misc Tools and Fixes\NirLauncher\NirSoft\nircmd.exe
nircmdc.exe,F:\_Tools\Misc Tools and Fixes\NirLauncher\NirSoft\nircmdc.exe
nk2edit.exe,F:\_Tools\Misc Tools and Fixes\NirLauncher\NirSoft\nk2edit.exe
ntfslinksview.exe,F:\_Tools\Misc Tools and Fixes\NirLauncher\NirSoft\ntfslinksview.exe
officeins.exe,F:\_Tools\Misc Tools and Fixes\NirLauncher\NirSoft\officeins.exe
offlineregistryfinder.exe,F:\_Tools\Misc Tools and Fixes\NirLauncher\NirSoft\offlineregistryfinder.exe
offlineregistryview.exe,F:\_Tools\Misc Tools and Fixes\NirLauncher\NirSoft\offlineregistryview.exe
openedfilesview.exe,F:\_Tools\Misc Tools and Fixes\NirLauncher\NirSoft\openedfilesview.exe
opensavefilesview.exe,F:\_Tools\Misc Tools and Fixes\NirLauncher\NirSoft\opensavefilesview.exe
openwithview.exe,F:\_Tools\Misc Tools and Fixes\NirLauncher\NirSoft\openwithview.exe
operacacheview.exe,F:\_Tools\Misc Tools and Fixes\NirLauncher\NirSoft\operacacheview.exe
operapassview.exe,F:\_Tools\Misc Tools and Fixes\NirLauncher\NirSoft\operapassview.exe
outlookaddressbookview.exe,F:\_Tools\Misc Tools and Fixes\NirLauncher\NirSoft\outlookaddressbookview.exe
outlookattachview.exe,F:\_Tools\Misc Tools and Fixes\NirLauncher\NirSoft\outlookattachview.exe
outlookstatview.exe,F:\_Tools\Misc Tools and Fixes\NirLauncher\NirSoft\outlookstatview.exe
passwordfox.exe,F:\_Tools\Misc Tools and Fixes\NirLauncher\NirSoft\passwordfox.exe
passwordscan.exe,F:\_Tools\Misc Tools and Fixes\NirLauncher\NirSoft\passwordscan.exe
pcanypass.exe,F:\_Tools\Misc Tools and Fixes\NirLauncher\NirSoft\pcanypass.exe
pinginfoview.exe,F:\_Tools\Misc Tools and Fixes\NirLauncher\NirSoft\pinginfoview.exe
previousfilesrecovery.exe,F:\_Tools\Misc Tools and Fixes\NirLauncher\NirSoft\previousfilesrecovery.exe
processactivityview.exe,F:\_Tools\Misc Tools and Fixes\NirLauncher\NirSoft\processactivityview.exe
processtcpsummary.exe,F:\_Tools\Misc Tools and Fixes\NirLauncher\NirSoft\processtcpsummary.exe
processthreadsview.exe,F:\_Tools\Misc Tools and Fixes\NirLauncher\NirSoft\processthreadsview.exe
produkey.exe,F:\_Tools\Misc Tools and Fixes\NirLauncher\NirSoft\produkey.exe
propertysystemview.exe,F:\_Tools\Misc Tools and Fixes\NirLauncher\NirSoft\propertysystemview.exe
pstpassword.exe,F:\_Tools\Misc Tools and Fixes\NirLauncher\NirSoft\pstpassword.exe
quicksetdns.exe,F:\_Tools\Misc Tools and Fixes\NirLauncher\NirSoft\quicksetdns.exe
rdpv.exe,F:\_Tools\Misc Tools and Fixes\NirLauncher\NirSoft\rdpv.exe
recentfilesview.exe,F:\_Tools\Misc Tools and Fixes\NirLauncher\NirSoft\recentfilesview.exe
regdllview.exe,F:\_Tools\Misc Tools and Fixes\NirLauncher\NirSoft\regdllview.exe
regfileexport.exe,F:\_Tools\Misc Tools and Fixes\NirLauncher\NirSoft\regfileexport.exe
regfromapp.exe,F:\_Tools\Misc Tools and Fixes\NirLauncher\NirSoft\regfromapp.exe
registrychangesview.exe,F:\_Tools\Misc Tools and Fixes\NirLauncher\NirSoft\registrychangesview.exe
regscanner.exe,F:\_Tools\Misc Tools and Fixes\NirLauncher\NirSoft\regscanner.exe
resourcesextract.exe,F:\_Tools\Misc Tools and Fixes\NirLauncher\NirSoft\resourcesextract.exe
routerpassview.exe,F:\_Tools\Misc Tools and Fixes\NirLauncher\NirSoft\routerpassview.exe
rtmpdumphelper.exe,F:\_Tools\Misc Tools and Fixes\NirLauncher\NirSoft\rtmpdumphelper.exe
runasdate.exe,F:\_Tools\Misc Tools and Fixes\NirLauncher\NirSoft\runasdate.exe
runfromprocess.exe,F:\_Tools\Misc Tools and Fixes\NirLauncher\NirSoft\runfromprocess.exe
safaricacheview.exe,F:\_Tools\Misc Tools and Fixes\NirLauncher\NirSoft\safaricacheview.exe
safarihistoryview.exe,F:\_Tools\Misc Tools and Fixes\NirLauncher\NirSoft\safarihistoryview.exe
searchfilterview.exe,F:\_Tools\Misc Tools and Fixes\NirLauncher\NirSoft\searchfilterview.exe
searchmyfiles.exe,F:\_Tools\Misc Tools and Fixes\NirLauncher\NirSoft\searchmyfiles.exe
securityquestionsview.exe,F:\_Tools\Misc Tools and Fixes\NirLauncher\NirSoft\securityquestionsview.exe
securitysoftview.exe,F:\_Tools\Misc Tools and Fixes\NirLauncher\NirSoft\securitysoftview.exe
seqdownload.exe,F:\_Tools\Misc Tools and Fixes\NirLauncher\NirSoft\seqdownload.exe
serviwin.exe,F:\_Tools\Misc Tools and Fixes\NirLauncher\NirSoft\serviwin.exe
shadowcopyview.exe,F:\_Tools\Misc Tools and Fixes\NirLauncher\NirSoft\shadowcopyview.exe
shellbagsview.exe,F:\_Tools\Misc Tools and Fixes\NirLauncher\NirSoft\shellbagsview.exe
shellmenunew.exe,F:\_Tools\Misc Tools and Fixes\NirLauncher\NirSoft\shellmenunew.exe
shexview.exe,F:\_Tools\Misc Tools and Fixes\NirLauncher\NirSoft\shexview.exe
shman.exe,F:\_Tools\Misc Tools and Fixes\NirLauncher\NirSoft\shman.exe
shmnview.exe,F:\_Tools\Misc Tools and Fixes\NirLauncher\NirSoft\shmnview.exe
simplecodegenerator.exe,F:\_Tools\Misc Tools and Fixes\NirLauncher\NirSoft\simplecodegenerator.exe
simpleprogramdebugger.exe,F:\_Tools\Misc Tools and Fixes\NirLauncher\NirSoft\simpleprogramdebugger.exe
simplewmiview.exe,F:\_Tools\Misc Tools and Fixes\NirLauncher\NirSoft\simplewmiview.exe
siteshoter.exe,F:\_Tools\Misc Tools and Fixes\NirLauncher\NirSoft\siteshoter.exe
skypecontactsview.exe,F:\_Tools\Misc Tools and Fixes\NirLauncher\NirSoft\skypecontactsview.exe
skypelogview.exe,F:\_Tools\Misc Tools and Fixes\NirLauncher\NirSoft\skypelogview.exe
smsniff.exe,F:\_Tools\Misc Tools and Fixes\NirLauncher\NirSoft\smsniff.exe
sniffpass.exe,F:\_Tools\Misc Tools and Fixes\NirLauncher\NirSoft\sniffpass.exe
socketsniff.exe,F:\_Tools\Misc Tools and Fixes\NirLauncher\NirSoft\socketsniff.exe
soundvolumeview.exe,F:\_Tools\Misc Tools and Fixes\NirLauncher\NirSoft\soundvolumeview.exe
specialfoldersview.exe,F:\_Tools\Misc Tools and Fixes\NirLauncher\NirSoft\specialfoldersview.exe
sysexp.exe,F:\_Tools\Misc Tools and Fixes\NirLauncher\NirSoft\sysexp.exe
tabletextcompare.exe,F:\_Tools\Misc Tools and Fixes\NirLauncher\NirSoft\tabletextcompare.exe
taskschedulerview.exe,F:\_Tools\Misc Tools and Fixes\NirLauncher\NirSoft\taskschedulerview.exe
tcplogview.exe,F:\_Tools\Misc Tools and Fixes\NirLauncher\NirSoft\tcplogview.exe
timezonesview.exe,F:\_Tools\Misc Tools and Fixes\NirLauncher\NirSoft\timezonesview.exe
turnedontimesview.exe,F:\_Tools\Misc Tools and Fixes\NirLauncher\NirSoft\turnedontimesview.exe
uninstallview.exe,F:\_Tools\Misc Tools and Fixes\NirLauncher\NirSoft\uninstallview.exe
urlprotocolview.exe,F:\_Tools\Misc Tools and Fixes\NirLauncher\NirSoft\urlprotocolview.exe
urlstringgrabber.exe,F:\_Tools\Misc Tools and Fixes\NirLauncher\NirSoft\urlstringgrabber.exe
usbdeview.exe,F:\_Tools\Misc Tools and Fixes\NirLauncher\NirSoft\usbdeview.exe
usbdrivelog.exe,F:\_Tools\Misc Tools and Fixes\NirLauncher\NirSoft\usbdrivelog.exe
usblogview.exe,F:\_Tools\Misc Tools and Fixes\NirLauncher\NirSoft\usblogview.exe
userassistview.exe,F:\_Tools\Misc Tools and Fixes\NirLauncher\NirSoft\userassistview.exe
userprofilesview.exe,F:\_Tools\Misc Tools and Fixes\NirLauncher\NirSoft\userprofilesview.exe
vaultpasswordview.exe,F:\_Tools\Misc Tools and Fixes\NirLauncher\NirSoft\vaultpasswordview.exe
videocacheview.exe,F:\_Tools\Misc Tools and Fixes\NirLauncher\NirSoft\videocacheview.exe
vncpassview.exe,F:\_Tools\Misc Tools and Fixes\NirLauncher\NirSoft\vncpassview.exe
volumouse.exe,F:\_Tools\Misc Tools and Fixes\NirLauncher\NirSoft\volumouse.exe
wakemeonlan.exe,F:\_Tools\Misc Tools and Fixes\NirLauncher\NirSoft\wakemeonlan.exe
webbrowserbookmarksview.exe,F:\_Tools\Misc Tools and Fixes\NirLauncher\NirSoft\webbrowserbookmarksview.exe
webbrowserpassview.exe,F:\_Tools\Misc Tools and Fixes\NirLauncher\NirSoft\webbrowserpassview.exe
webcacheimageinfo.exe,F:\_Tools\Misc Tools and Fixes\NirLauncher\NirSoft\webcacheimageinfo.exe
webcamimagesave.exe,F:\_Tools\Misc Tools and Fixes\NirLauncher\NirSoft\webcamimagesave.exe
webcookiessniffer.exe,F:\_Tools\Misc Tools and Fixes\NirLauncher\NirSoft\webcookiessniffer.exe
websitesniffer.exe,F:\_Tools\Misc Tools and Fixes\NirLauncher\NirSoft\websitesniffer.exe
webvideocap.exe,F:\_Tools\Misc Tools and Fixes\NirLauncher\NirSoft\webvideocap.exe
whatinstartup.exe,F:\_Tools\Misc Tools and Fixes\NirLauncher\NirSoft\whatinstartup.exe
whatishang.exe,F:\_Tools\Misc Tools and Fixes\NirLauncher\NirSoft\whatishang.exe
whoiscl.exe,F:\_Tools\Misc Tools and Fixes\NirLauncher\NirSoft\whoiscl.exe
whoisconnectedsniffer.exe,F:\_Tools\Misc Tools and Fixes\NirLauncher\NirSoft\whoisconnectedsniffer.exe
whoistd.exe,F:\_Tools\Misc Tools and Fixes\NirLauncher\NirSoft\whoistd.exe
whosip.exe,F:\_Tools\Misc Tools and Fixes\NirLauncher\NirSoft\whosip.exe
wifichannelmonitor.exe,F:\_Tools\Misc Tools and Fixes\NirLauncher\NirSoft\wifichannelmonitor.exe
wifihistoryview.exe,F:\_Tools\Misc Tools and Fixes\NirLauncher\NirSoft\wifihistoryview.exe
wifiinfoview.exe,F:\_Tools\Misc Tools and Fixes\NirLauncher\NirSoft\wifiinfoview.exe
wincrashreport.exe,F:\_Tools\Misc Tools and Fixes\NirLauncher\NirSoft\wincrashreport.exe
windefthreatsview.exe,F:\_Tools\Misc Tools and Fixes\NirLauncher\NirSoft\windefthreatsview.exe
winfontsview.exe,F:\_Tools\Misc Tools and Fixes\NirLauncher\NirSoft\winfontsview.exe
winlister.exe,F:\_Tools\Misc Tools and Fixes\NirLauncher\NirSoft\winlister.exe
winlogonview.exe,F:\_Tools\Misc Tools and Fixes\NirLauncher\NirSoft\winlogonview.exe
winprefetchview.exe,F:\_Tools\Misc Tools and Fixes\NirLauncher\NirSoft\winprefetchview.exe
winsockservicesview.exe,F:\_Tools\Misc Tools and Fixes\NirLauncher\NirSoft\winsockservicesview.exe
winupdatesview.exe,F:\_Tools\Misc Tools and Fixes\NirLauncher\NirSoft\winupdatesview.exe
wirelessconnectioninfo.exe,F:\_Tools\Misc Tools and Fixes\NirLauncher\NirSoft\wirelessconnectioninfo.exe
wirelesskeyview.exe,F:\_Tools\Misc Tools and Fixes\NirLauncher\NirSoft\wirelesskeyview.exe
wirelessnetconsole.exe,F:\_Tools\Misc Tools and Fixes\NirLauncher\NirSoft\wirelessnetconsole.exe
wirelessnetview.exe,F:\_Tools\Misc Tools and Fixes\NirLauncher\NirSoft\wirelessnetview.exe
wnetwatcher.exe,F:\_Tools\Misc Tools and Fixes\NirLauncher\NirSoft\wnetwatcher.exe
wul.exe,F:\_Tools\Misc Tools and Fixes\NirLauncher\NirSoft\wul.exe
advancedrun.exe,F:\_Tools\Misc Tools and Fixes\NirLauncher\NirSoft\x64\advancedrun.exe
allthreadsview.exe,F:\_Tools\Misc Tools and Fixes\NirLauncher\NirSoft\x64\allthreadsview.exe
alternatestreamview.exe,F:\_Tools\Misc Tools and Fixes\NirLauncher\NirSoft\x64\alternatestreamview.exe
appaudioconfig.exe,F:\_Tools\Misc Tools and Fixes\NirLauncher\NirSoft\x64\appaudioconfig.exe
appcompatibilityview.exe,F:\_Tools\Misc Tools and Fixes\NirLauncher\NirSoft\x64\appcompatibilityview.exe
appnetworkcounter.exe,F:\_Tools\Misc Tools and Fixes\NirLauncher\NirSoft\x64\appnetworkcounter.exe
appreadwritecounter.exe,F:\_Tools\Misc Tools and Fixes\NirLauncher\NirSoft\x64\appreadwritecounter.exe
bluescreenview.exe,F:\_Tools\Misc Tools and Fixes\NirLauncher\NirSoft\x64\bluescreenview.exe
browseraddonsview.exe,F:\_Tools\Misc Tools and Fixes\NirLauncher\NirSoft\x64\browseraddonsview.exe
browserdownloadsview.exe,F:\_Tools\Misc Tools and Fixes\NirLauncher\NirSoft\x64\browserdownloadsview.exe
browsinghistoryview.exe,F:\_Tools\Misc Tools and Fixes\NirLauncher\NirSoft\x64\browsinghistoryview.exe
bulkfilechanger.exe,F:\_Tools\Misc Tools and Fixes\NirLauncher\NirSoft\x64\bulkfilechanger.exe
bulletspassview.exe,F:\_Tools\Misc Tools and Fixes\NirLauncher\NirSoft\x64\bulletspassview.exe
cports.exe,F:\_Tools\Misc Tools and Fixes\NirLauncher\NirSoft\x64\cports.exe
credentialsfileview.exe,F:\_Tools\Misc Tools and Fixes\NirLauncher\NirSoft\x64\credentialsfileview.exe
csvfileview.exe,F:\_Tools\Misc Tools and Fixes\NirLauncher\NirSoft\x64\csvfileview.exe
dataprotectiondecryptor.exe,F:\_Tools\Misc Tools and Fixes\NirLauncher\NirSoft\x64\dataprotectiondecryptor.exe
deviceioview.exe,F:\_Tools\Misc Tools and Fixes\NirLauncher\NirSoft\x64\deviceioview.exe
devmanview.exe,F:\_Tools\Misc Tools and Fixes\NirLauncher\NirSoft\x64\devmanview.exe
dllexp.exe,F:\_Tools\Misc Tools and Fixes\NirLauncher\NirSoft\x64\dllexp.exe
dnsquerysniffer.exe,F:\_Tools\Misc Tools and Fixes\NirLauncher\NirSoft\x64\dnsquerysniffer.exe
driveletterview.exe,F:\_Tools\Misc Tools and Fixes\NirLauncher\NirSoft\x64\driveletterview.exe
driverview.exe,F:\_Tools\Misc Tools and Fixes\NirLauncher\NirSoft\x64\driverview.exe
encryptedregview.exe,F:\_Tools\Misc Tools and Fixes\NirLauncher\NirSoft\x64\encryptedregview.exe
eventlogchannelsview.exe,F:\_Tools\Misc Tools and Fixes\NirLauncher\NirSoft\x64\eventlogchannelsview.exe
eventlogsourcesview.exe,F:\_Tools\Misc Tools and Fixes\NirLauncher\NirSoft\x64\eventlogsourcesview.exe
fileaccesserrorview.exe,F:\_Tools\Misc Tools and Fixes\NirLauncher\NirSoft\x64\fileaccesserrorview.exe
fileactivitywatch.exe,F:\_Tools\Misc Tools and Fixes\NirLauncher\NirSoft\x64\fileactivitywatch.exe
filetypesman.exe,F:\_Tools\Misc Tools and Fixes\NirLauncher\NirSoft\x64\filetypesman.exe
firmwaretablesview.exe,F:\_Tools\Misc Tools and Fixes\NirLauncher\NirSoft\x64\firmwaretablesview.exe
foldertimeupdate.exe,F:\_Tools\Misc Tools and Fixes\NirLauncher\NirSoft\x64\foldertimeupdate.exe
fulleventlogview.exe,F:\_Tools\Misc Tools and Fixes\NirLauncher\NirSoft\x64\fulleventlogview.exe
gdiview.exe,F:\_Tools\Misc Tools and Fixes\NirLauncher\NirSoft\x64\gdiview.exe
guipropview.exe,F:\_Tools\Misc Tools and Fixes\NirLauncher\NirSoft\x64\guipropview.exe
handlecountersview.exe,F:\_Tools\Misc Tools and Fixes\NirLauncher\NirSoft\x64\handlecountersview.exe
hashmyfiles.exe,F:\_Tools\Misc Tools and Fixes\NirLauncher\NirSoft\x64\hashmyfiles.exe
heapmemview.exe,F:\_Tools\Misc Tools and Fixes\NirLauncher\NirSoft\x64\heapmemview.exe
installedappview.exe,F:\_Tools\Misc Tools and Fixes\NirLauncher\NirSoft\x64\installedappview.exe
installedcodec.exe,F:\_Tools\Misc Tools and Fixes\NirLauncher\NirSoft\x64\installedcodec.exe
installeddriverslist.exe,F:\_Tools\Misc Tools and Fixes\NirLauncher\NirSoft\x64\installeddriverslist.exe
installedpackagesview.exe,F:\_Tools\Misc Tools and Fixes\NirLauncher\NirSoft\x64\installedpackagesview.exe
livetcpudpwatch.exe,F:\_Tools\Misc Tools and Fixes\NirLauncher\NirSoft\x64\livetcpudpwatch.exe
loadeddllsview.exe,F:\_Tools\Misc Tools and Fixes\NirLauncher\NirSoft\x64\loadeddllsview.exe
lsasecretsdump.exe,F:\_Tools\Misc Tools and Fixes\NirLauncher\NirSoft\x64\lsasecretsdump.exe
lsasecretsview.exe,F:\_Tools\Misc Tools and Fixes\NirLauncher\NirSoft\x64\lsasecretsview.exe
mmcsnapinsview.exe,F:\_Tools\Misc Tools and Fixes\NirLauncher\NirSoft\x64\mmcsnapinsview.exe
mobilefilesearch.exe,F:\_Tools\Misc Tools and Fixes\NirLauncher\NirSoft\x64\mobilefilesearch.exe
mozillahistoryview.exe,F:\_Tools\Misc Tools and Fixes\NirLauncher\NirSoft\x64\mozillahistoryview.exe
multimonitortool.exe,F:\_Tools\Misc Tools and Fixes\NirLauncher\NirSoft\x64\multimonitortool.exe
myeventviewer.exe,F:\_Tools\Misc Tools and Fixes\NirLauncher\NirSoft\x64\myeventviewer.exe
mzcv.exe,F:\_Tools\Misc Tools and Fixes\NirLauncher\NirSoft\x64\mzcv.exe
netpass.exe,F:\_Tools\Misc Tools and Fixes\NirLauncher\NirSoft\x64\netpass.exe
networkinterfacesview.exe,F:\_Tools\Misc Tools and Fixes\NirLauncher\NirSoft\x64\networkinterfacesview.exe
networklatencyview.exe,F:\_Tools\Misc Tools and Fixes\NirLauncher\NirSoft\x64\networklatencyview.exe
networkopenedfiles.exe,F:\_Tools\Misc Tools and Fixes\NirLauncher\NirSoft\x64\networkopenedfiles.exe
networktrafficview.exe,F:\_Tools\Misc Tools and Fixes\NirLauncher\NirSoft\x64\networktrafficview.exe
networkusageview.exe,F:\_Tools\Misc Tools and Fixes\NirLauncher\NirSoft\x64\networkusageview.exe
nircmd.exe,F:\_Tools\Misc Tools and Fixes\NirLauncher\NirSoft\x64\nircmd.exe
nircmdc.exe,F:\_Tools\Misc Tools and Fixes\NirLauncher\NirSoft\x64\nircmdc.exe
nk2edit.exe,F:\_Tools\Misc Tools and Fixes\NirLauncher\NirSoft\x64\nk2edit.exe
ntfslinksview.exe,F:\_Tools\Misc Tools and Fixes\NirLauncher\NirSoft\x64\ntfslinksview.exe
officeins.exe,F:\_Tools\Misc Tools and Fixes\NirLauncher\NirSoft\x64\officeins.exe
offlineregistryfinder.exe,F:\_Tools\Misc Tools and Fixes\NirLauncher\NirSoft\x64\offlineregistryfinder.exe
offlineregistryview.exe,F:\_Tools\Misc Tools and Fixes\NirLauncher\NirSoft\x64\offlineregistryview.exe
openedfilesview.exe,F:\_Tools\Misc Tools and Fixes\NirLauncher\NirSoft\x64\openedfilesview.exe
opensavefilesview.exe,F:\_Tools\Misc Tools and Fixes\NirLauncher\NirSoft\x64\opensavefilesview.exe
outlookaddressbookview.exe,F:\_Tools\Misc Tools and Fixes\NirLauncher\NirSoft\x64\outlookaddressbookview.exe
outlookattachview.exe,F:\_Tools\Misc Tools and Fixes\NirLauncher\NirSoft\x64\outlookattachview.exe
outlookstatview.exe,F:\_Tools\Misc Tools and Fixes\NirLauncher\NirSoft\x64\outlookstatview.exe
passwordfox.exe,F:\_Tools\Misc Tools and Fixes\NirLauncher\NirSoft\x64\passwordfox.exe
passwordscan.exe,F:\_Tools\Misc Tools and Fixes\NirLauncher\NirSoft\x64\passwordscan.exe
previousfilesrecovery.exe,F:\_Tools\Misc Tools and Fixes\NirLauncher\NirSoft\x64\previousfilesrecovery.exe
processactivityview.exe,F:\_Tools\Misc Tools and Fixes\NirLauncher\NirSoft\x64\processactivityview.exe
processtcpsummary.exe,F:\_Tools\Misc Tools and Fixes\NirLauncher\NirSoft\x64\processtcpsummary.exe
processthreadsview.exe,F:\_Tools\Misc Tools and Fixes\NirLauncher\NirSoft\x64\processthreadsview.exe
produkey.exe,F:\_Tools\Misc Tools and Fixes\NirLauncher\NirSoft\x64\produkey.exe
propertysystemview.exe,F:\_Tools\Misc Tools and Fixes\NirLauncher\NirSoft\x64\propertysystemview.exe
regdllview.exe,F:\_Tools\Misc Tools and Fixes\NirLauncher\NirSoft\x64\regdllview.exe
regfromapp.exe,F:\_Tools\Misc Tools and Fixes\NirLauncher\NirSoft\x64\regfromapp.exe
registrychangesview.exe,F:\_Tools\Misc Tools and Fixes\NirLauncher\NirSoft\x64\registrychangesview.exe
regscanner.exe,F:\_Tools\Misc Tools and Fixes\NirLauncher\NirSoft\x64\regscanner.exe
resourcesextract.exe,F:\_Tools\Misc Tools and Fixes\NirLauncher\NirSoft\x64\resourcesextract.exe
rtmpdumphelper.exe,F:\_Tools\Misc Tools and Fixes\NirLauncher\NirSoft\x64\rtmpdumphelper.exe
runasdate.exe,F:\_Tools\Misc Tools and Fixes\NirLauncher\NirSoft\x64\runasdate.exe
runfromprocess.exe,F:\_Tools\Misc Tools and Fixes\NirLauncher\NirSoft\x64\runfromprocess.exe
searchmyfiles.exe,F:\_Tools\Misc Tools and Fixes\NirLauncher\NirSoft\x64\searchmyfiles.exe
serviwin.exe,F:\_Tools\Misc Tools and Fixes\NirLauncher\NirSoft\x64\serviwin.exe
shadowcopyview.exe,F:\_Tools\Misc Tools and Fixes\NirLauncher\NirSoft\x64\shadowcopyview.exe
shexview.exe,F:\_Tools\Misc Tools and Fixes\NirLauncher\NirSoft\x64\shexview.exe
shman.exe,F:\_Tools\Misc Tools and Fixes\NirLauncher\NirSoft\x64\shman.exe
shmnview.exe,F:\_Tools\Misc Tools and Fixes\NirLauncher\NirSoft\x64\shmnview.exe
simpleprogramdebugger.exe,F:\_Tools\Misc Tools and Fixes\NirLauncher\NirSoft\x64\simpleprogramdebugger.exe
simplewmiview.exe,F:\_Tools\Misc Tools and Fixes\NirLauncher\NirSoft\x64\simplewmiview.exe
smsniff.exe,F:\_Tools\Misc Tools and Fixes\NirLauncher\NirSoft\x64\smsniff.exe
sniffpass.exe,F:\_Tools\Misc Tools and Fixes\NirLauncher\NirSoft\x64\sniffpass.exe
soundvolumeview.exe,F:\_Tools\Misc Tools and Fixes\NirLauncher\NirSoft\x64\soundvolumeview.exe
specialfoldersview.exe,F:\_Tools\Misc Tools and Fixes\NirLauncher\NirSoft\x64\specialfoldersview.exe
sysexp.exe,F:\_Tools\Misc Tools and Fixes\NirLauncher\NirSoft\x64\sysexp.exe
taskschedulerview.exe,F:\_Tools\Misc Tools and Fixes\NirLauncher\NirSoft\x64\taskschedulerview.exe
tcplogview.exe,F:\_Tools\Misc Tools and Fixes\NirLauncher\NirSoft\x64\tcplogview.exe
uninstallview.exe,F:\_Tools\Misc Tools and Fixes\NirLauncher\NirSoft\x64\uninstallview.exe
usbdeview.exe,F:\_Tools\Misc Tools and Fixes\NirLauncher\NirSoft\x64\usbdeview.exe
vaultpasswordview.exe,F:\_Tools\Misc Tools and Fixes\NirLauncher\NirSoft\x64\vaultpasswordview.exe
videocacheview.exe,F:\_Tools\Misc Tools and Fixes\NirLauncher\NirSoft\x64\videocacheview.exe
volumouse.exe,F:\_Tools\Misc Tools and Fixes\NirLauncher\NirSoft\x64\volumouse.exe
volumouse32.exe,F:\_Tools\Misc Tools and Fixes\NirLauncher\NirSoft\x64\volumouse32.exe
wakemeonlan.exe,F:\_Tools\Misc Tools and Fixes\NirLauncher\NirSoft\x64\wakemeonlan.exe
webcookiessniffer.exe,F:\_Tools\Misc Tools and Fixes\NirLauncher\NirSoft\x64\webcookiessniffer.exe
websitesniffer.exe,F:\_Tools\Misc Tools and Fixes\NirLauncher\NirSoft\x64\websitesniffer.exe
whatinstartup.exe,F:\_Tools\Misc Tools and Fixes\NirLauncher\NirSoft\x64\whatinstartup.exe
whatishang.exe,F:\_Tools\Misc Tools and Fixes\NirLauncher\NirSoft\x64\whatishang.exe
whoisconnectedsniffer.exe,F:\_Tools\Misc Tools and Fixes\NirLauncher\NirSoft\x64\whoisconnectedsniffer.exe
wifichannelmonitor.exe,F:\_Tools\Misc Tools and Fixes\NirLauncher\NirSoft\x64\wifichannelmonitor.exe
wincrashreport.exe,F:\_Tools\Misc Tools and Fixes\NirLauncher\NirSoft\x64\wincrashreport.exe
windefthreatsview.exe,F:\_Tools\Misc Tools and Fixes\NirLauncher\NirSoft\x64\windefthreatsview.exe
winlister.exe,F:\_Tools\Misc Tools and Fixes\NirLauncher\NirSoft\x64\winlister.exe
winprefetchview.exe,F:\_Tools\Misc Tools and Fixes\NirLauncher\NirSoft\x64\winprefetchview.exe
winupdatesview.exe,F:\_Tools\Misc Tools and Fixes\NirLauncher\NirSoft\x64\winupdatesview.exe
wirelesskeyview.exe,F:\_Tools\Misc Tools and Fixes\NirLauncher\NirSoft\x64\wirelesskeyview.exe
notepad++.exe,F:\_Tools\Misc Tools and Fixes\Notepad++_x64\notepad++.exe
GUP.exe,F:\_Tools\Misc Tools and Fixes\Notepad++_x64\updater\GUP.exe
Procmon64.exe,F:\_Tools\Misc Tools and Fixes\ProcessMonitor\Procmon64.exe
PuTTYPortable.exe,F:\_Tools\Misc Tools and Fixes\PuTTYPortable\PuTTYPortable.exe
PAGEANT.EXE,F:\_Tools\Misc Tools and Fixes\PuTTYPortable\App\putty\PAGEANT.EXE
PLINK.EXE,F:\_Tools\Misc Tools and Fixes\PuTTYPortable\App\putty\PLINK.EXE
PSCP.EXE,F:\_Tools\Misc Tools and Fixes\PuTTYPortable\App\putty\PSCP.EXE
PSFTP.EXE,F:\_Tools\Misc Tools and Fixes\PuTTYPortable\App\putty\PSFTP.EXE
PUTTY.EXE,F:\_Tools\Misc Tools and Fixes\PuTTYPortable\App\putty\PUTTY.EXE
PUTTYGEN.EXE,F:\_Tools\Misc Tools and Fixes\PuTTYPortable\App\putty\PUTTYGEN.EXE
QuickSolitairePortable.exe,F:\_Tools\Misc Tools and Fixes\QuickSolitairePortable\QuickSolitairePortable.exe
QuickSolitaire.exe,F:\_Tools\Misc Tools and Fixes\QuickSolitairePortable\App\Quick Solitaire\QuickSolitaire.exe
RevoUninstallerPortable.exe,F:\_Tools\Misc Tools and Fixes\RevoUninstallerPortable\RevoUninstallerPortable.exe
RevoUPort.exe,F:\_Tools\Misc Tools and Fixes\RevoUninstallerPortable\App\RevoUninstaller\RevoUPort.exe
RevoUn.exe,F:\_Tools\Misc Tools and Fixes\RevoUninstallerPortable\App\RevoUninstaller\x64\RevoUn.exe
RevoUn.exe,F:\_Tools\Misc Tools and Fixes\RevoUninstallerPortable\App\RevoUninstaller\x86\RevoUn.exe
RufusPortable.exe,F:\_Tools\Misc Tools and Fixes\RufusPortable\RufusPortable.exe
rufusp.exe,F:\_Tools\Misc Tools and Fixes\RufusPortable\App\Rufus\rufusp.exe
diskspd.exe,F:\_Tools\Misc Tools and Fixes\Samsung_Magician\diskspd.exe
RAPIDCollectLogs.bat,F:\_Tools\Misc Tools and Fixes\Samsung_Magician\RAPIDCollectLogs.bat
SamsungMagician.exe,F:\_Tools\Misc Tools and Fixes\Samsung_Magician\SamsungMagician.exe
Unzip.exe,F:\_Tools\Misc Tools and Fixes\Samsung_Magician\Unzip.exe
UTF16StrReplace.exe,F:\_Tools\Misc Tools and Fixes\Samsung_Magician\UTF16StrReplace.exe
WaitHelpWindow.exe,F:\_Tools\Misc Tools and Fixes\Samsung_Magician\WaitHelpWindow.exe
SeaToolsforWindows.exe,F:\_Tools\Misc Tools and Fixes\SeaGateTools\SeaToolsforWindows.exe
stxcon.exe,F:\_Tools\Misc Tools and Fixes\SeaGateTools\stxcon.exe
WiresharkPortable.exe,F:\_Tools\Misc Tools and Fixes\WiresharkPortable\WiresharkPortable.exe
capinfos.exe,F:\_Tools\Misc Tools and Fixes\WiresharkPortable\App\Wireshark\capinfos.exe
captype.exe,F:\_Tools\Misc Tools and Fixes\WiresharkPortable\App\Wireshark\captype.exe
dumpcap.exe,F:\_Tools\Misc Tools and Fixes\WiresharkPortable\App\Wireshark\dumpcap.exe
editcap.exe,F:\_Tools\Misc Tools and Fixes\WiresharkPortable\App\Wireshark\editcap.exe
mergecap.exe,F:\_Tools\Misc Tools and Fixes\WiresharkPortable\App\Wireshark\mergecap.exe
mmdbresolve.exe,F:\_Tools\Misc Tools and Fixes\WiresharkPortable\App\Wireshark\mmdbresolve.exe
randpkt.exe,F:\_Tools\Misc Tools and Fixes\WiresharkPortable\App\Wireshark\randpkt.exe
rawshark.exe,F:\_Tools\Misc Tools and Fixes\WiresharkPortable\App\Wireshark\rawshark.exe
reordercap.exe,F:\_Tools\Misc Tools and Fixes\WiresharkPortable\App\Wireshark\reordercap.exe
sharkd.exe,F:\_Tools\Misc Tools and Fixes\WiresharkPortable\App\Wireshark\sharkd.exe
text2pcap.exe,F:\_Tools\Misc Tools and Fixes\WiresharkPortable\App\Wireshark\text2pcap.exe
tshark.exe,F:\_Tools\Misc Tools and Fixes\WiresharkPortable\App\Wireshark\tshark.exe
Wireshark.exe,F:\_Tools\Misc Tools and Fixes\WiresharkPortable\App\Wireshark\Wireshark.exe
androiddump.exe,F:\_Tools\Misc Tools and Fixes\WiresharkPortable\App\Wireshark\extcap\androiddump.exe
ciscodump.exe,F:\_Tools\Misc Tools and Fixes\WiresharkPortable\App\Wireshark\extcap\ciscodump.exe
randpktdump.exe,F:\_Tools\Misc Tools and Fixes\WiresharkPortable\App\Wireshark\extcap\randpktdump.exe
sshdump.exe,F:\_Tools\Misc Tools and Fixes\WiresharkPortable\App\Wireshark\extcap\sshdump.exe
udpdump.exe,F:\_Tools\Misc Tools and Fixes\WiresharkPortable\App\Wireshark\extcap\udpdump.exe
del_old_driverpacks.bat,F:\_Tools\SnappyDriverInstaller\del_old_driverpacks.bat
SDIOTranslationTool.exe,F:\_Tools\SnappyDriverInstaller\SDIOTranslationTool.exe
SDIO_auto.bat,F:\_Tools\SnappyDriverInstaller\SDIO_auto.bat
SDIO_auto.exe,F:\_Tools\SnappyDriverInstaller\SDIO_auto.exe
SDIO_R739.exe,F:\_Tools\SnappyDriverInstaller\SDIO_R739.exe
SDIO_x64_R739.exe,F:\_Tools\SnappyDriverInstaller\SDIO_x64_R739.exe
autoupdate.bat,F:\_Tools\SnappyDriverInstaller\scripts\autoupdate.bat
prep_unpacked.bat,F:\_Tools\SnappyDriverInstaller\scripts\prep_unpacked.bat
remote.bat,F:\_Tools\SnappyDriverInstaller\scripts\remote.bat
del_old_driverpacks.bat,F:\_Tools\SnappyDriverInstaller\update\SDIO_Update\del_old_driverpacks.bat
SDIO_auto.bat,F:\_Tools\SnappyDriverInstaller\update\SDIO_Update\SDIO_auto.bat
SDIO_R771.exe,F:\_Tools\SnappyDriverInstaller\update\SDIO_Update\SDIO_R771.exe
ssdlife.exe,F:\_Tools\SSD Life SSD Test\ssdlife.exe
2_SystemSpecs.bat,F:\_Tools\System Specs Hardware Spec Out\2_SystemSpecs.bat
getSpecs.bat,F:\_Tools\System Specs Hardware Spec Out\getSpecs.bat
SystemSpecs.ps1,F:\_Tools\System Specs Hardware Spec Out\SystemSpecs.ps1
SpeccyPortable.exe,F:\_Tools\System Specs Hardware Spec Out\Speccy\SpeccyPortable.exe
Speccy.exe,F:\_Tools\System Specs Hardware Spec Out\Speccy\App\Speccy\Speccy.exe
Speccy64.exe,F:\_Tools\System Specs Hardware Spec Out\Speccy\App\Speccy\Speccy64.exe
WinDirStatPortable.exe,F:\_Tools\WinDirStatPortable (Storage Inspector)\WinDirStatPortable.exe
windirstat.exe,F:\_Tools\WinDirStatPortable (Storage Inspector)\App\WinDirStat\windirstat.exe
AutoMergeUserData.bat,F:\_Tools\_R-Studio DATA TRANSFER\AutoMergeUserData.bat
rstudioportable.exe,F:\_Tools\_R-Studio DATA TRANSFER\rstudioportable.exe
hhe.exe,F:\_Tools\_R-Studio DATA TRANSFER\App\RStudio\hhe.exe
r-studio.exe,F:\_Tools\_R-Studio DATA TRANSFER\App\RStudio\r-studio.exe
rloginsrv.exe,F:\_Tools\_R-Studio DATA TRANSFER\App\RStudio\rloginsrv.exe
RStudio.exe,F:\_Tools\_R-Studio DATA TRANSFER\App\RStudio\RStudio.exe
rstudio64.exe,F:\_Tools\_R-Studio DATA TRANSFER\App\RStudio\rstudio64.exe
rupdate.exe,F:\_Tools\_R-Studio DATA TRANSFER\App\RStudio\rupdate.exe
ruviewer.exe,F:\_Tools\_R-Studio DATA TRANSFER\App\RStudio\ruviewer.exe
Uninstall.exe,F:\_Tools\_R-Studio DATA TRANSFER\App\RStudio\Uninstall.exe
caffeine.exe,F:\_Tools\_R-Studio DATA TRANSFER\caffeine\caffeine.exe